103,1,7,1,Bottom,Diff,Incongruent,Upright,Aligned,1,5,1,2,1.4722
103,1,7,2,Bottom,Diff,Incongruent,Upright,Split,9,7,0,1,1.2011
103,1,7,1,Bottom,Diff,Congruent,Upright,Split,5,7,0,1,0.74547
103,1,7,1,Bottom,Diff,Congruent,Inverted,Aligned,7,5,0,1,1.0799
103,1,7,1,Bottom,Same,Congruent,Inverted,Split,1,1,0,2,0.91249
103,1,7,1,Bottom,Same,Incongruent,Upright,Split,9,5,1,1,0.58096
103,1,7,1,Bottom,Same,Congruent,Upright,Aligned,5,5,1,1,0.37183
103,1,7,2,Bottom,Diff,Incongruent,Inverted,Aligned,5,1,0,1,0.76104
103,1,7,2,Bottom,Diff,Congruent,Upright,Aligned,7,5,1,2,0.37047
103,1,7,2,Bottom,Diff,Incongruent,Upright,Split,9,7,0,1,0.81091
103,1,7,2,Bottom,Diff,Incongruent,Inverted,Split,9,7,0,1,0.90264
103,1,7,2,Bottom,Diff,Congruent,Upright,Aligned,7,5,1,2,0.34574
103,1,7,1,Bottom,Same,Incongruent,Inverted,Split,5,9,1,1,0.70075
103,1,7,1,Bottom,Diff,Congruent,Upright,Split,5,7,0,1,0.44139
103,1,7,2,Bottom,Diff,Incongruent,Inverted,Split,7,9,1,2,0.64349
103,1,7,2,Bottom,Same,Incongruent,Upright,Aligned,5,9,1,1,0.56173
103,1,7,1,Bottom,Same,Congruent,Upright,Aligned,5,5,1,1,0.52822
103,1,7,1,Bottom,Same,Congruent,Inverted,Split,1,1,0,2,0.5418
103,1,7,1,Bottom,Same,Incongruent,Inverted,Aligned,1,7,0,2,0.89266
103,1,7,1,Bottom,Diff,Congruent,Inverted,Aligned,7,5,0,1,1.3406
103,1,7,2,Bottom,Same,Incongruent,Upright,Split,7,1,1,1,0.48918
103,1,7,1,Bottom,Diff,Incongruent,Upright,Aligned,1,5,0,1,0.42082
103,1,7,2,Bottom,Same,Congruent,Inverted,Aligned,1,1,1,1,0.50515
103,1,7,1,Bottom,Same,Incongruent,Upright,Split,9,5,1,1,0.40948
103,1,7,2,Bottom,Same,Incongruent,Upright,Aligned,5,9,1,1,0.33292
103,1,7,2,Bottom,Same,Incongruent,Upright,Split,7,1,0,2,0.35674
103,1,7,1,Bottom,Same,Incongruent,Inverted,Aligned,1,7,1,1,0.45296
103,1,7,2,Bottom,Diff,Incongruent,Inverted,Split,7,9,1,2,0.71355
103,1,7,1,Bottom,Same,Incongruent,Inverted,Split,5,9,0,2,1.0133
103,1,7,2,Bottom,Diff,Incongruent,Inverted,Aligned,5,1,1,2,0.826
103,1,7,2,Bottom,Same,Congruent,Inverted,Aligned,1,1,1,1,0.39663
103,1,7,2,Bottom,Diff,Incongruent,Inverted,Split,9,7,0,1,0.57394
103,2,5,2,Bottom,Same,Incongruent,Inverted,Split,1,7,1,1,0.51746
103,2,5,2,Bottom,Same,Incongruent,Upright,Aligned,9,5,0,2,0.4361
103,2,5,1,Bottom,Same,Incongruent,Inverted,Split,1,7,1,1,0.68331
103,2,5,2,Bottom,Same,Incongruent,Inverted,Split,1,7,0,2,0.49427
103,2,5,1,Bottom,Same,Congruent,Upright,Split,9,9,1,1,0.56888
103,2,5,2,Bottom,Diff,Congruent,Upright,Split,5,7,1,2,0.35635
103,2,5,1,Bottom,Same,Congruent,Upright,Split,9,9,1,1,0.50076
103,2,5,1,Bottom,Same,Congruent,Inverted,Aligned,5,5,1,1,0.73731
103,2,5,1,Bottom,Same,Congruent,Upright,Aligned,7,7,1,1,0.74291
103,2,5,1,Bottom,Same,Congruent,Inverted,Split,7,7,1,1,0.70598
103,2,5,1,Bottom,Same,Congruent,Upright,Aligned,1,1,1,1,0.51403
103,2,5,1,Bottom,Same,Congruent,Upright,Aligned,7,7,1,1,0.49937
103,2,5,1,Bottom,Diff,Incongruent,Upright,Split,5,1,0,1,0.5511
103,2,5,2,Bottom,Diff,Congruent,Inverted,Aligned,5,7,1,2,0.64716
103,2,5,1,Bottom,Diff,Congruent,Inverted,Aligned,1,9,1,2,0.61519
103,2,5,2,Bottom,Diff,Congruent,Inverted,Aligned,5,7,0,1,0.5527
103,2,5,2,Bottom,Same,Congruent,Upright,Aligned,5,5,0,2,0.42356
103,2,5,1,Bottom,Diff,Congruent,Inverted,Aligned,1,9,1,2,0.51499
103,2,5,2,Bottom,Diff,Incongruent,Inverted,Split,1,5,0,1,0.78932
103,2,5,1,Bottom,Same,Incongruent,Inverted,Split,1,7,1,1,0.51815
103,2,5,2,Bottom,Diff,Incongruent,Inverted,Aligned,9,7,1,2,0.52162
103,2,5,2,Bottom,Diff,Incongruent,Inverted,Aligned,9,7,1,2,0.96898
103,2,5,2,Bottom,Diff,Congruent,Upright,Split,9,1,0,1,0.40882
103,2,5,2,Bottom,Diff,Congruent,Upright,Split,5,7,1,2,0.84822
103,2,5,1,Bottom,Same,Congruent,Inverted,Split,7,7,0,2,0.8976
103,2,5,1,Bottom,Same,Congruent,Inverted,Aligned,5,5,1,1,0.57392
103,2,5,2,Bottom,Diff,Congruent,Upright,Split,9,1,1,2,0.49599
103,2,5,2,Bottom,Diff,Incongruent,Inverted,Split,1,5,0,1,1.0061
103,2,5,1,Bottom,Same,Congruent,Upright,Aligned,1,1,1,1,0.39815
103,2,5,1,Bottom,Diff,Incongruent,Upright,Split,5,1,1,2,0.54998
103,2,5,2,Bottom,Same,Congruent,Upright,Aligned,5,5,1,1,0.55033
103,2,5,2,Bottom,Same,Incongruent,Upright,Aligned,9,5,0,2,0.33257
103,3,1,2,Bottom,Diff,Congruent,Inverted,Aligned,9,1,1,2,0.69062
103,3,1,2,Bottom,Same,Incongruent,Inverted,Split,7,1,1,1,0.85676
103,3,1,2,Bottom,Diff,Incongruent,Upright,Aligned,7,9,1,2,0.24406
103,3,1,2,Bottom,Same,Incongruent,Upright,Split,5,9,1,1,0.52715
103,3,1,1,Bottom,Same,Incongruent,Inverted,Split,9,5,1,1,0.68551
103,3,1,1,Bottom,Diff,Incongruent,Upright,Split,1,5,1,2,0.28858
103,3,1,2,Bottom,Diff,Congruent,Inverted,Aligned,7,5,1,2,0.43972
103,3,1,2,Bottom,Same,Incongruent,Inverted,Split,9,5,1,1,1.2993
103,3,1,1,Bottom,Diff,Congruent,Inverted,Aligned,5,7,1,2,0.75605
103,3,1,2,Bottom,Same,Incongruent,Inverted,Split,9,5,1,1,0.79212
103,3,1,1,Bottom,Same,Congruent,Inverted,Aligned,7,7,1,1,0.54033
103,3,1,1,Bottom,Same,Congruent,Inverted,Aligned,7,7,1,1,0.44462
103,3,1,2,Bottom,Diff,Congruent,Inverted,Aligned,9,1,1,2,0.5837
103,3,1,1,Bottom,Diff,Congruent,Inverted,Aligned,5,7,0,1,0.421
103,3,1,1,Bottom,Same,Incongruent,Upright,Aligned,1,7,0,2,0.6439
103,3,1,2,Bottom,Same,Incongruent,Upright,Aligned,1,7,1,1,1.3606
103,3,1,2,Bottom,Same,Incongruent,Upright,Aligned,1,7,1,1,0.54771
103,3,1,2,Bottom,Same,Congruent,Upright,Split,5,5,1,1,0.26909
103,3,1,1,Bottom,Diff,Congruent,Inverted,Split,7,5,1,2,0.5244
103,3,1,1,Bottom,Same,Incongruent,Inverted,Split,9,5,1,1,0.78875
103,3,1,2,Bottom,Diff,Incongruent,Upright,Aligned,7,9,1,2,0.84009
103,3,1,1,Bottom,Same,Congruent,Upright,Split,5,5,1,1,0.30654
103,3,1,1,Bottom,Same,Congruent,Upright,Split,5,5,1,1,0.25487
103,3,1,2,Bottom,Same,Incongruent,Upright,Split,5,9,1,1,0.20641
103,3,1,2,Bottom,Diff,Congruent,Inverted,Aligned,7,5,1,2,0.66568
103,3,1,1,Bottom,Same,Congruent,Upright,Aligned,9,9,1,1,0.44983
103,3,1,2,Bottom,Same,Incongruent,Inverted,Split,7,1,1,1,0.4567
103,3,1,1,Bottom,Diff,Incongruent,Upright,Split,1,5,1,2,0.28475
103,3,1,1,Bottom,Same,Congruent,Upright,Aligned,9,9,1,1,0.34211
103,3,1,1,Bottom,Same,Incongruent,Upright,Aligned,1,7,1,1,0.34831
103,3,1,2,Bottom,Same,Congruent,Upright,Split,5,5,1,1,0.38991
103,3,1,1,Bottom,Diff,Congruent,Inverted,Split,7,5,1,2,0.61555
103,4,3,1,Bottom,Same,Incongruent,Inverted,Aligned,9,5,1,1,0.56705
103,4,3,2,Bottom,Same,Congruent,Inverted,Split,7,7,1,1,0.49316
103,4,3,2,Bottom,Diff,Congruent,Inverted,Split,9,1,1,2,0.38243
103,4,3,2,Bottom,Same,Incongruent,Upright,Split,1,7,1,1,0.29323
103,4,3,2,Bottom,Same,Congruent,Upright,Aligned,1,1,1,1,0.17324
103,4,3,1,Bottom,Diff,Congruent,Upright,Aligned,5,7,1,2,0.29646
103,4,3,2,Bottom,Same,Congruent,Upright,Aligned,1,1,1,1,0.16566
103,4,3,1,Bottom,Same,Incongruent,Upright,Split,7,1,0,2,0.48048
103,4,3,2,Bottom,Diff,Incongruent,Upright,Aligned,9,7,1,2,0.66188
103,4,3,2,Bottom,Diff,Incongruent,Inverted,Aligned,7,9,1,2,0.55963
103,4,3,1,Bottom,Same,Incongruent,Upright,Aligned,7,1,1,1,0.4781
103,4,3,1,Bottom,Same,Incongruent,Upright,Split,7,1,1,1,0.33588
103,4,3,2,Bottom,Same,Congruent,Upright,Split,9,9,1,1,0.2385
103,4,3,1,Bottom,Diff,Congruent,Upright,Aligned,5,7,1,2,0.42201
103,4,3,2,Bottom,Diff,Incongruent,Upright,Aligned,9,7,0,1,0.15428
103,4,3,2,Bottom,Diff,Congruent,Inverted,Split,9,1,0,1,1.0193
103,4,3,1,Bottom,Diff,Incongruent,Upright,Split,7,9,0,1,0.30525
103,4,3,1,Bottom,Diff,Incongruent,Inverted,Split,7,9,1,2,0.53842
103,4,3,2,Bottom,Diff,Incongruent,Inverted,Aligned,7,9,1,2,0.50031
103,4,3,1,Bottom,Same,Congruent,Inverted,Aligned,9,9,1,1,0.51648
103,4,3,1,Bottom,Same,Congruent,Inverted,Split,5,5,1,1,0.83117
103,4,3,2,Bottom,Diff,Congruent,Inverted,Aligned,1,9,1,2,0.56371
103,4,3,2,Bottom,Diff,Congruent,Inverted,Aligned,1,9,1,2,0.45739
103,4,3,1,Bottom,Same,Incongruent,Inverted,Aligned,9,5,1,1,0.53976
103,4,3,1,Bottom,Diff,Incongruent,Upright,Split,7,9,1,2,0.38884
103,4,3,1,Bottom,Diff,Incongruent,Inverted,Split,7,9,1,2,0.41258
103,4,3,2,Bottom,Same,Congruent,Upright,Split,9,9,1,1,0.5614
103,4,3,2,Bottom,Same,Congruent,Inverted,Split,7,7,1,1,0.42776
103,4,3,1,Bottom,Same,Incongruent,Upright,Aligned,7,1,1,1,0.29123
103,4,3,1,Bottom,Same,Congruent,Inverted,Split,5,5,1,1,0.53256
103,4,3,1,Bottom,Same,Congruent,Inverted,Aligned,9,9,1,1,0.37616
103,4,3,2,Bottom,Same,Incongruent,Upright,Split,1,7,1,1,0.40761
103,5,9,2,Bottom,Same,Congruent,Upright,Aligned,9,9,1,1,0.41844
103,5,9,2,Bottom,Diff,Congruent,Upright,Aligned,1,9,1,2,0.25558
103,5,9,2,Bottom,Diff,Incongruent,Upright,Split,1,5,0,1,0.35021
103,5,9,1,Bottom,Same,Incongruent,Upright,Aligned,9,5,1,1,0.17063
103,5,9,2,Bottom,Same,Incongruent,Inverted,Aligned,9,5,1,1,0.35021
103,5,9,1,Bottom,Diff,Incongruent,Upright,Aligned,7,9,1,2,0.51838
103,5,9,2,Bottom,Same,Congruent,Inverted,Aligned,7,7,1,1,0.53091
103,5,9,2,Bottom,Same,Congruent,Inverted,Split,9,9,1,1,0.40927
103,5,9,1,Bottom,Diff,Congruent,Inverted,Split,5,7,0,1,0.36391
103,5,9,1,Bottom,Same,Incongruent,Upright,Aligned,9,5,1,1,0.23184
103,5,9,2,Bottom,Same,Congruent,Inverted,Split,9,9,1,1,0.37714
103,5,9,2,Bottom,Same,Congruent,Upright,Aligned,9,9,1,1,0.20494
103,5,9,1,Bottom,Same,Incongruent,Inverted,Aligned,7,1,1,1,0.37329
103,5,9,1,Bottom,Same,Congruent,Upright,Split,7,7,1,1,0.21056
103,5,9,2,Bottom,Same,Incongruent,Inverted,Split,5,9,1,1,0.60662
103,5,9,2,Bottom,Diff,Congruent,Upright,Split,1,9,1,2,0.30279
103,5,9,2,Bottom,Same,Incongruent,Inverted,Split,5,9,1,1,0.68121
103,5,9,2,Bottom,Same,Congruent,Inverted,Aligned,7,7,1,1,0.2925
103,5,9,2,Bottom,Diff,Incongruent,Upright,Split,1,5,1,2,0.33178
103,5,9,1,Bottom,Diff,Congruent,Inverted,Split,9,1,1,2,0.77939
103,5,9,2,Bottom,Diff,Congruent,Upright,Aligned,1,9,1,2,0.35955
103,5,9,1,Bottom,Diff,Congruent,Inverted,Split,5,7,0,1,0.47297
103,5,9,2,Bottom,Diff,Congruent,Upright,Split,1,9,1,2,0.29688
103,5,9,2,Bottom,Same,Incongruent,Inverted,Aligned,9,5,1,1,0.68912
103,5,9,1,Bottom,Same,Incongruent,Inverted,Aligned,7,1,1,1,0.34352
103,5,9,1,Bottom,Diff,Incongruent,Inverted,Aligned,9,7,0,1,0.46244
103,5,9,1,Bottom,Diff,Incongruent,Upright,Aligned,7,9,1,2,0.23998
103,5,9,1,Bottom,Diff,Congruent,Inverted,Split,9,1,1,2,0.87266
103,5,9,1,Bottom,Diff,Congruent,Upright,Split,7,5,1,2,0.32808
103,5,9,1,Bottom,Same,Congruent,Upright,Split,7,7,0,2,0.33826
103,5,9,1,Bottom,Diff,Incongruent,Inverted,Aligned,9,7,0,1,0.65422
103,5,9,1,Bottom,Diff,Congruent,Upright,Split,7,5,1,2,0.78828
103,6,11,1,Bottom,Diff,Congruent,Upright,Split,1,9,1,2,0.92742
103,6,11,1,Bottom,Same,Congruent,Inverted,Split,9,9,1,1,0.44724
103,6,11,2,Bottom,Same,Incongruent,Inverted,Aligned,1,7,1,1,0.3286
103,6,11,1,Bottom,Same,Congruent,Upright,Split,1,1,1,1,0.26438
103,6,11,2,Bottom,Diff,Congruent,Upright,Aligned,9,1,1,2,0.44478
103,6,11,1,Bottom,Same,Incongruent,Inverted,Split,7,1,1,1,0.75398
103,6,11,1,Bottom,Diff,Congruent,Upright,Aligned,9,1,1,2,0.2615
103,6,11,2,Bottom,Diff,Congruent,Upright,Aligned,5,7,1,2,0.72226
103,6,11,1,Bottom,Diff,Congruent,Upright,Aligned,1,9,0,1,0.39793
103,6,11,2,Bottom,Same,Incongruent,Inverted,Aligned,5,9,1,1,0.5513
103,6,11,1,Bottom,Diff,Congruent,Upright,Aligned,1,9,1,2,0.22988
103,6,11,1,Bottom,Diff,Incongruent,Inverted,Aligned,1,5,1,2,0.38344
103,6,11,2,Bottom,Same,Incongruent,Inverted,Aligned,1,7,1,1,0.29963
103,6,11,2,Bottom,Same,Congruent,Inverted,Split,1,1,1,1,0.71139
103,6,11,1,Bottom,Same,Congruent,Upright,Split,1,1,1,1,0.26761
103,6,11,2,Bottom,Diff,Congruent,Inverted,Split,1,9,0,1,0.46523
103,6,11,2,Bottom,Same,Congruent,Inverted,Split,1,1,1,1,0.33044
103,6,11,2,Bottom,Diff,Incongruent,Upright,Split,5,1,1,2,0.39713
103,6,11,1,Bottom,Diff,Congruent,Inverted,Aligned,9,1,1,2,0.53261
103,6,11,2,Bottom,Same,Incongruent,Inverted,Aligned,5,9,1,1,0.3473
103,6,11,1,Bottom,Diff,Incongruent,Inverted,Aligned,1,5,1,2,0.32081
103,6,11,2,Bottom,Diff,Incongruent,Upright,Split,5,1,0,1,0.69063
103,6,11,2,Bottom,Same,Congruent,Upright,Split,7,7,1,1,0.43288
103,6,11,2,Bottom,Same,Congruent,Upright,Split,7,7,1,1,0.30739
103,6,11,2,Bottom,Diff,Congruent,Upright,Aligned,9,1,1,2,0.45362
103,6,11,1,Bottom,Diff,Congruent,Upright,Aligned,9,1,1,2,0.3047
103,6,11,1,Bottom,Same,Incongruent,Inverted,Split,7,1,0,2,0.98809
103,6,11,1,Bottom,Same,Congruent,Inverted,Split,9,9,0,2,0.67528
103,6,11,2,Bottom,Diff,Congruent,Upright,Aligned,5,7,1,2,0.54525
103,6,11,2,Bottom,Diff,Congruent,Inverted,Split,1,9,0,1,0.83983
103,6,11,1,Bottom,Diff,Congruent,Upright,Split,1,9,1,2,0.31861
103,6,11,1,Bottom,Diff,Congruent,Inverted,Aligned,9,1,0,1,0.60769
103,7,13,1,Bottom,Diff,Congruent,Upright,Split,9,1,1,2,0.96681
103,7,13,2,Bottom,Same,Congruent,Upright,Split,1,1,1,1,0.27532
103,7,13,2,Bottom,Same,Congruent,Inverted,Split,5,5,1,1,1.4973
103,7,13,1,Bottom,Diff,Congruent,Upright,Aligned,7,5,1,2,0.20048
103,7,13,2,Bottom,Diff,Incongruent,Upright,Split,7,9,1,2,0.26066
103,7,13,2,Bottom,Same,Congruent,Upright,Aligned,7,7,1,1,0.33735
103,7,13,2,Bottom,Same,Incongruent,Inverted,Aligned,7,1,0,2,0.53706
103,7,13,2,Bottom,Diff,Incongruent,Inverted,Split,5,1,1,2,0.73373
103,7,13,1,Bottom,Diff,Congruent,Inverted,Split,1,9,1,2,0.34784
103,7,13,1,Bottom,Diff,Congruent,Inverted,Split,1,9,1,2,0.37276
103,7,13,1,Bottom,Same,Incongruent,Upright,Split,1,7,1,1,0.31703
103,7,13,2,Bottom,Diff,Incongruent,Upright,Split,7,9,1,2,0.2478
103,7,13,1,Bottom,Diff,Incongruent,Inverted,Split,1,5,1,2,0.41273
103,7,13,2,Bottom,Diff,Incongruent,Upright,Aligned,1,5,1,2,0.16817
103,7,13,2,Bottom,Same,Congruent,Upright,Aligned,7,7,1,1,0.266
103,7,13,1,Bottom,Same,Congruent,Inverted,Aligned,1,1,1,1,0.31875
103,7,13,1,Bottom,Diff,Congruent,Upright,Aligned,7,5,1,2,0.19405
103,7,13,1,Bottom,Same,Congruent,Inverted,Aligned,1,1,1,1,0.30147
103,7,13,1,Bottom,Same,Incongruent,Upright,Split,1,7,1,1,0.27525
103,7,13,1,Bottom,Same,Incongruent,Upright,Aligned,5,9,1,1,0.29566
103,7,13,1,Bottom,Same,Incongruent,Inverted,Aligned,5,9,0,2,0.2944
103,7,13,1,Bottom,Same,Incongruent,Upright,Aligned,5,9,1,1,0.6495
103,7,13,2,Bottom,Same,Incongruent,Inverted,Aligned,7,1,0,2,0.76635
103,7,13,1,Bottom,Same,Incongruent,Inverted,Aligned,5,9,1,1,0.54398
103,7,13,2,Bottom,Same,Congruent,Inverted,Split,5,5,1,1,0.43158
103,7,13,2,Bottom,Diff,Incongruent,Inverted,Split,5,1,1,2,0.57028
103,7,13,1,Bottom,Diff,Congruent,Upright,Split,9,1,1,2,0.29891
103,7,13,2,Bottom,Same,Congruent,Upright,Split,1,1,1,1,0.44514
103,7,13,2,Bottom,Same,Congruent,Inverted,Aligned,9,9,1,1,0.47623
103,7,13,1,Bottom,Diff,Incongruent,Inverted,Split,1,5,1,2,0.31864
103,7,13,2,Bottom,Same,Congruent,Inverted,Aligned,9,9,1,1,0.37061
103,7,13,2,Bottom,Diff,Incongruent,Upright,Aligned,1,5,1,2,0.19183
103,8,12,2,Top,Same,Congruent,Upright,Split,5,5,1,1,0.39731
103,8,12,2,Top,Same,Congruent,Inverted,Split,7,7,0,2,0.82225
103,8,12,1,Top,Same,Incongruent,Inverted,Aligned,5,1,1,1,0.36509
103,8,12,2,Top,Same,Incongruent,Inverted,Split,9,7,1,1,0.73877
103,8,12,1,Top,Diff,Congruent,Upright,Split,7,5,1,2,0.32904
103,8,12,2,Top,Same,Incongruent,Upright,Split,5,1,1,1,0.2475
103,8,12,1,Top,Same,Incongruent,Upright,Split,1,5,1,1,0.19107
103,8,12,2,Top,Same,Congruent,Upright,Aligned,9,9,1,1,0.3637
103,8,12,2,Top,Same,Congruent,Upright,Aligned,9,9,1,1,0.27501
103,8,12,1,Top,Diff,Congruent,Inverted,Split,9,1,1,2,0.3865
103,8,12,1,Top,Same,Congruent,Inverted,Split,1,1,1,1,0.14946
103,8,12,2,Top,Same,Incongruent,Inverted,Aligned,7,9,0,2,0.83538
103,8,12,1,Top,Same,Incongruent,Inverted,Aligned,5,1,1,1,0.53658
103,8,12,2,Top,Diff,Congruent,Inverted,Aligned,1,9,1,2,0.29269
103,8,12,1,Top,Diff,Congruent,Upright,Split,7,5,1,2,0.29308
103,8,12,2,Top,Same,Incongruent,Upright,Split,5,1,0,2,0.58647
103,8,12,2,Top,Same,Incongruent,Inverted,Split,9,7,1,1,0.40864
103,8,12,2,Top,Diff,Congruent,Inverted,Aligned,1,9,1,2,0.25731
103,8,12,2,Top,Diff,Incongruent,Upright,Aligned,9,5,1,2,0.47804
103,8,12,1,Top,Diff,Incongruent,Inverted,Aligned,9,5,1,2,0.5307
103,8,12,1,Top,Same,Incongruent,Upright,Aligned,1,5,1,1,0.3031
103,8,12,2,Top,Same,Incongruent,Inverted,Aligned,7,9,0,2,0.83166
103,8,12,2,Top,Same,Congruent,Upright,Split,5,5,1,1,0.23969
103,8,12,2,Top,Diff,Incongruent,Upright,Aligned,9,5,0,1,0.60472
103,8,12,1,Top,Diff,Congruent,Inverted,Split,9,1,0,1,0.51521
103,8,12,1,Top,Same,Incongruent,Upright,Aligned,1,5,1,1,0.21644
103,8,12,1,Top,Diff,Incongruent,Upright,Aligned,5,9,1,2,0.11049
103,8,12,1,Top,Diff,Incongruent,Upright,Aligned,5,9,1,2,0.24954
103,8,12,1,Top,Diff,Incongruent,Inverted,Aligned,9,5,1,2,0.7427
103,8,12,1,Top,Same,Congruent,Inverted,Split,1,1,1,1,0.26887
103,8,12,1,Top,Same,Incongruent,Upright,Split,1,5,1,1,0.20926
103,8,12,2,Top,Same,Congruent,Inverted,Split,7,7,1,1,0.82529
103,9,4,2,Top,Diff,Incongruent,Inverted,Aligned,9,5,1,2,0.62222
103,9,4,1,Top,Same,Incongruent,Upright,Split,7,9,1,1,0.48064
103,9,4,1,Top,Diff,Congruent,Inverted,Split,5,7,1,2,0.38491
103,9,4,1,Top,Same,Incongruent,Inverted,Split,7,9,1,1,0.90589
103,9,4,1,Top,Same,Incongruent,Upright,Split,7,9,1,1,0.72205
103,9,4,1,Top,Diff,Congruent,Upright,Aligned,9,1,1,2,0.52277
103,9,4,1,Top,Diff,Incongruent,Inverted,Aligned,1,7,0,1,1.2119
103,9,4,1,Top,Same,Incongruent,Inverted,Aligned,9,7,1,1,1.0457
103,9,4,2,Top,Diff,Congruent,Upright,Split,1,9,1,2,0.37913
103,9,4,2,Top,Diff,Incongruent,Inverted,Aligned,9,5,1,2,0.5102
103,9,4,2,Top,Same,Incongruent,Upright,Aligned,5,1,1,1,0.62989
103,9,4,2,Top,Diff,Incongruent,Inverted,Split,9,5,1,2,0.68147
103,9,4,2,Top,Same,Incongruent,Inverted,Split,5,1,1,1,0.41886
103,9,4,1,Top,Same,Incongruent,Inverted,Aligned,9,7,0,2,0.55206
103,9,4,1,Top,Diff,Congruent,Upright,Aligned,9,1,0,1,0.3828
103,9,4,2,Top,Same,Congruent,Upright,Aligned,7,7,1,1,0.48709
103,9,4,2,Top,Same,Congruent,Inverted,Aligned,5,5,1,1,0.5985
103,9,4,1,Top,Diff,Incongruent,Inverted,Aligned,1,7,0,1,0.41908
103,9,4,1,Top,Same,Incongruent,Upright,Aligned,7,9,1,1,0.60845
103,9,4,2,Top,Diff,Incongruent,Inverted,Split,9,5,1,2,0.36591
103,9,4,1,Top,Same,Incongruent,Inverted,Split,7,9,1,1,0.7433
103,9,4,2,Top,Same,Congruent,Upright,Aligned,7,7,1,1,0.58386
103,9,4,1,Top,Diff,Congruent,Inverted,Split,5,7,1,2,0.46533
103,9,4,1,Top,Same,Incongruent,Upright,Aligned,7,9,1,1,0.39835
103,9,4,2,Top,Same,Incongruent,Upright,Split,7,9,1,1,0.47931
103,9,4,2,Top,Same,Incongruent,Inverted,Split,5,1,1,1,0.44545
103,9,4,2,Top,Diff,Congruent,Upright,Split,1,9,1,2,0.24868
103,9,4,1,Top,Diff,Incongruent,Upright,Split,9,5,1,2,0.55603
103,9,4,2,Top,Same,Incongruent,Upright,Aligned,5,1,1,1,0.2182
103,9,4,1,Top,Diff,Incongruent,Upright,Split,9,5,1,2,0.25816
103,9,4,2,Top,Same,Congruent,Inverted,Aligned,5,5,1,1,0.4496
103,9,4,2,Top,Same,Incongruent,Upright,Split,7,9,1,1,0.47213
103,10,14,2,Top,Same,Congruent,Upright,Split,1,1,1,1,0.18008
103,10,14,1,Top,Same,Congruent,Inverted,Aligned,7,7,1,1,0.34434
103,10,14,1,Top,Same,Congruent,Upright,Split,9,9,1,1,0.1781
103,10,14,1,Top,Same,Congruent,Inverted,Split,7,7,1,1,0.39085
103,10,14,1,Top,Same,Incongruent,Upright,Aligned,5,1,1,1,0.27992
103,10,14,2,Top,Same,Congruent,Inverted,Split,9,9,1,1,0.83258
103,10,14,1,Top,Diff,Incongruent,Inverted,Split,1,7,1,2,0.91209
103,10,14,2,Top,Diff,Incongruent,Upright,Split,7,1,1,2,0.16872
103,10,14,2,Top,Same,Incongruent,Inverted,Aligned,5,1,1,1,0.31884
103,10,14,1,Top,Diff,Incongruent,Upright,Split,5,9,1,2,0.18032
103,10,14,2,Top,Diff,Incongruent,Upright,Aligned,7,1,1,2,0.50785
103,10,14,1,Top,Same,Incongruent,Upright,Aligned,5,1,1,1,0.29018
103,10,14,1,Top,Diff,Incongruent,Upright,Split,5,9,1,2,0.17987
103,10,14,2,Top,Diff,Incongruent,Upright,Aligned,7,1,1,2,0.35871
103,10,14,1,Top,Same,Congruent,Upright,Split,9,9,1,1,1.1839
103,10,14,2,Top,Same,Incongruent,Inverted,Aligned,5,1,1,1,0.57413
103,10,14,2,Top,Diff,Incongruent,Upright,Aligned,1,7,1,2,0.11121
103,10,14,2,Top,Diff,Congruent,Inverted,Aligned,9,1,0,1,0.22369
103,10,14,1,Top,Diff,Incongruent,Upright,Aligned,7,1,1,2,0.46275
103,10,14,1,Top,Diff,Incongruent,Inverted,Aligned,5,9,1,2,0.26852
103,10,14,1,Top,Diff,Incongruent,Inverted,Aligned,5,9,0,1,0.29048
103,10,14,1,Top,Diff,Incongruent,Upright,Aligned,7,1,0,1,0.31106
103,10,14,2,Top,Diff,Incongruent,Upright,Split,7,1,1,2,0.37848
103,10,14,2,Top,Same,Congruent,Upright,Split,1,1,1,1,0.21302
103,10,14,2,Top,Diff,Congruent,Inverted,Aligned,9,1,1,2,0.28092
103,10,14,2,Top,Same,Congruent,Inverted,Split,9,9,0,2,0.65934
103,10,14,1,Top,Same,Congruent,Inverted,Split,7,7,1,1,0.40108
103,10,14,2,Top,Diff,Incongruent,Inverted,Split,7,1,1,2,0.48365
103,10,14,1,Top,Same,Congruent,Inverted,Aligned,7,7,1,1,0.64145
103,10,14,2,Top,Diff,Incongruent,Inverted,Split,7,1,1,2,0.37694
103,10,14,2,Top,Diff,Incongruent,Upright,Aligned,1,7,1,2,0.35569
103,10,14,1,Top,Diff,Incongruent,Inverted,Split,1,7,1,2,0.3562
103,11,6,2,Top,Diff,Congruent,Inverted,Split,9,1,1,2,0.36944
103,11,6,2,Top,Same,Incongruent,Upright,Aligned,9,7,1,1,0.44266
103,11,6,2,Top,Diff,Congruent,Upright,Split,9,1,1,2,0.24166
103,11,6,2,Top,Diff,Congruent,Inverted,Split,7,5,1,2,0.37559
103,11,6,2,Top,Same,Incongruent,Upright,Aligned,7,9,1,1,0.47517
103,11,6,1,Top,Same,Congruent,Upright,Split,1,1,1,1,0.25403
103,11,6,1,Top,Same,Congruent,Inverted,Aligned,9,9,1,1,0.64171
103,11,6,1,Top,Same,Incongruent,Upright,Aligned,9,7,1,1,0.3327
103,11,6,2,Top,Diff,Congruent,Inverted,Split,9,1,1,2,0.22188
103,11,6,1,Top,Diff,Congruent,Upright,Aligned,5,7,1,2,0.23481
103,11,6,2,Top,Diff,Congruent,Upright,Split,9,1,1,2,0.25189
103,11,6,1,Top,Same,Congruent,Inverted,Aligned,9,9,1,1,0.17136
103,11,6,2,Top,Same,Congruent,Inverted,Aligned,9,9,1,1,0.22402
103,11,6,2,Top,Diff,Congruent,Inverted,Split,7,5,1,2,0.32621
103,11,6,1,Top,Same,Incongruent,Inverted,Split,1,5,1,1,0.2634
103,11,6,1,Top,Same,Incongruent,Inverted,Aligned,1,5,1,1,0.20077
103,11,6,2,Top,Same,Incongruent,Upright,Split,1,5,1,1,0.2256
103,11,6,1,Top,Same,Congruent,Inverted,Split,5,5,1,1,0.26523
103,11,6,1,Top,Same,Congruent,Upright,Split,1,1,1,1,0.12183
103,11,6,2,Top,Same,Congruent,Inverted,Aligned,9,9,1,1,0.16743
103,11,6,1,Top,Same,Incongruent,Inverted,Aligned,1,5,1,1,0.087323
103,11,6,2,Top,Diff,Congruent,Inverted,Aligned,5,7,0,1,0.17171
103,11,6,1,Top,Diff,Congruent,Upright,Split,5,7,1,2,0.3563
103,11,6,1,Top,Diff,Congruent,Upright,Split,5,7,1,2,0.21132
103,11,6,2,Top,Diff,Congruent,Inverted,Aligned,5,7,1,2,0.32222
103,11,6,1,Top,Diff,Congruent,Upright,Aligned,5,7,1,2,0.13145
103,11,6,2,Top,Same,Incongruent,Upright,Aligned,9,7,1,1,0.34896
103,11,6,2,Top,Same,Incongruent,Upright,Aligned,7,9,1,1,0.55019
103,11,6,1,Top,Same,Incongruent,Inverted,Split,1,5,1,1,0.27788
103,11,6,1,Top,Same,Congruent,Inverted,Split,5,5,1,1,0.15803
103,11,6,1,Top,Same,Incongruent,Upright,Aligned,9,7,1,1,0.19352
103,11,6,2,Top,Same,Incongruent,Upright,Split,1,5,1,1,0.13263
103,12,8,2,Top,Diff,Congruent,Upright,Aligned,7,5,1,2,0.17938
103,12,8,2,Top,Same,Incongruent,Inverted,Aligned,1,5,1,1,0.17907
103,12,8,1,Top,Diff,Congruent,Upright,Aligned,1,9,1,2,0.1815
103,12,8,1,Top,Diff,Incongruent,Inverted,Split,7,1,1,2,0.40483
103,12,8,1,Top,Same,Congruent,Upright,Aligned,5,5,1,1,0.16965
103,12,8,1,Top,Diff,Congruent,Inverted,Aligned,1,9,1,2,0.22613
103,12,8,2,Top,Diff,Congruent,Inverted,Split,5,7,1,2,0.38357
103,12,8,2,Top,Same,Congruent,Inverted,Split,1,1,1,1,0.22725
103,12,8,1,Top,Diff,Congruent,Upright,Split,9,1,1,2,0.27857
103,12,8,2,Top,Diff,Incongruent,Upright,Split,9,5,1,2,0.28155
103,12,8,1,Top,Diff,Congruent,Inverted,Aligned,1,9,1,2,0.39877
103,12,8,1,Top,Diff,Congruent,Inverted,Aligned,5,7,1,2,0.6853
103,12,8,2,Top,Diff,Congruent,Upright,Aligned,5,7,1,2,0.19368
103,12,8,1,Top,Diff,Congruent,Upright,Split,1,9,1,2,0.1467
103,12,8,2,Top,Diff,Congruent,Upright,Aligned,5,7,1,2,0.43926
103,12,8,2,Top,Diff,Incongruent,Upright,Split,9,5,0,1,0.1608
103,12,8,2,Top,Diff,Incongruent,Inverted,Aligned,5,9,1,2,0.24763
103,12,8,2,Top,Diff,Congruent,Inverted,Split,5,7,1,2,0.24162
103,12,8,2,Top,Diff,Congruent,Upright,Split,7,5,1,2,0.28517
103,12,8,1,Top,Diff,Congruent,Inverted,Aligned,5,7,1,2,0.78927
103,12,8,2,Top,Same,Incongruent,Inverted,Aligned,1,5,1,1,0.33914
103,12,8,1,Top,Diff,Incongruent,Inverted,Split,7,1,1,2,0.26838
103,12,8,2,Top,Diff,Congruent,Upright,Aligned,7,5,1,2,0.35981
103,12,8,1,Top,Diff,Congruent,Upright,Split,9,1,1,2,0.30921
103,12,8,1,Top,Diff,Congruent,Inverted,Split,7,5,1,2,0.3761
103,12,8,1,Top,Diff,Congruent,Upright,Split,1,9,1,2,1.0064
103,12,8,2,Top,Diff,Incongruent,Inverted,Aligned,5,9,1,2,0.36515
103,12,8,1,Top,Diff,Congruent,Upright,Aligned,1,9,1,2,0.34455
103,12,8,1,Top,Diff,Congruent,Inverted,Split,7,5,1,2,0.40312
103,12,8,2,Top,Diff,Congruent,Upright,Split,7,5,1,2,0.30927
103,12,8,1,Top,Same,Congruent,Upright,Aligned,5,5,1,1,0.31331
103,12,8,2,Top,Same,Congruent,Inverted,Split,1,1,1,1,0.37706
103,13,16,2,Top,Diff,Incongruent,Inverted,Split,1,7,1,2,0.56714
103,13,16,1,Top,Diff,Congruent,Inverted,Aligned,7,5,0,1,0.24476
103,13,16,1,Top,Diff,Congruent,Upright,Aligned,7,5,1,2,0.3644
103,13,16,1,Top,Diff,Congruent,Inverted,Split,1,9,0,1,0.22537
103,13,16,2,Top,Diff,Congruent,Upright,Aligned,1,9,1,2,0.19293
103,13,16,1,Top,Diff,Incongruent,Upright,Aligned,9,5,1,2,0.31641
103,13,16,1,Top,Same,Congruent,Upright,Split,7,7,0,2,0.28034
103,13,16,2,Top,Diff,Incongruent,Inverted,Split,1,7,1,2,0.52785
103,13,16,1,Top,Diff,Congruent,Inverted,Aligned,7,5,0,1,0.34694
103,13,16,1,Top,Diff,Congruent,Upright,Aligned,7,5,1,2,0.37963
103,13,16,1,Top,Diff,Congruent,Inverted,Split,1,9,1,2,0.51858
103,13,16,2,Top,Same,Congruent,Inverted,Aligned,7,7,0,2,0.54292
103,13,16,2,Top,Same,Incongruent,Inverted,Split,7,9,1,1,0.4974
103,13,16,2,Top,Same,Incongruent,Inverted,Aligned,9,7,1,1,0.63249
103,13,16,2,Top,Same,Incongruent,Upright,Aligned,1,5,1,1,0.24458
103,13,16,1,Top,Diff,Incongruent,Upright,Split,7,1,1,2,0.54184
103,13,16,2,Top,Same,Incongruent,Upright,Aligned,1,5,1,1,0.27679
103,13,16,2,Top,Same,Incongruent,Inverted,Split,7,9,0,2,0.63786
103,13,16,1,Top,Same,Congruent,Upright,Split,7,7,1,1,0.52483
103,13,16,1,Top,Diff,Incongruent,Inverted,Split,9,5,1,2,0.62517
103,13,16,2,Top,Same,Congruent,Upright,Split,9,9,1,1,0.32649
103,13,16,1,Top,Diff,Incongruent,Upright,Aligned,9,5,1,2,0.50384
103,13,16,2,Top,Diff,Congruent,Upright,Aligned,1,9,1,2,0.22411
103,13,16,1,Top,Diff,Incongruent,Inverted,Split,9,5,1,2,0.39051
103,13,16,2,Top,Same,Incongruent,Upright,Split,9,7,1,1,0.34066
103,13,16,1,Top,Diff,Incongruent,Upright,Split,7,1,1,2,0.4109
103,13,16,2,Top,Same,Congruent,Inverted,Aligned,7,7,1,1,0.62804
103,13,16,2,Top,Same,Incongruent,Inverted,Aligned,9,7,1,1,0.41489
103,13,16,1,Top,Diff,Congruent,Inverted,Aligned,9,1,1,2,0.37177
103,13,16,2,Top,Same,Congruent,Upright,Split,9,9,1,1,0.36656
103,13,16,2,Top,Same,Incongruent,Upright,Split,9,7,1,1,0.51588
103,13,16,1,Top,Diff,Congruent,Inverted,Aligned,9,1,1,2,0.59084
103,14,15,1,Bottom,Diff,Incongruent,Inverted,Aligned,7,9,0,1,0.89013
103,14,15,2,Bottom,Diff,Incongruent,Upright,Aligned,5,1,1,2,0.41235
103,14,15,1,Bottom,Diff,Incongruent,Inverted,Split,9,7,0,1,0.66358
103,14,15,2,Bottom,Same,Incongruent,Upright,Aligned,7,1,1,1,0.29968
103,14,15,1,Bottom,Diff,Incongruent,Inverted,Aligned,7,9,0,1,0.52238
103,14,15,1,Bottom,Diff,Incongruent,Upright,Split,9,7,0,1,0.27033
103,14,15,2,Bottom,Same,Congruent,Inverted,Aligned,5,5,1,1,0.67495
103,14,15,1,Bottom,Diff,Incongruent,Upright,Aligned,5,1,1,2,0.24969
103,14,15,2,Bottom,Diff,Incongruent,Upright,Aligned,5,1,1,2,0.73941
103,14,15,2,Bottom,Diff,Congruent,Inverted,Split,7,5,1,2,0.49303
103,14,15,1,Bottom,Diff,Incongruent,Inverted,Aligned,5,1,1,2,0.64118
103,14,15,1,Bottom,Diff,Incongruent,Upright,Aligned,9,7,1,2,0.46038
103,14,15,2,Bottom,Same,Incongruent,Upright,Split,9,5,1,1,0.55999
103,14,15,1,Bottom,Same,Incongruent,Upright,Split,5,9,1,1,0.41093
103,14,15,1,Bottom,Diff,Incongruent,Inverted,Split,5,1,1,2,0.82204
103,14,15,1,Bottom,Diff,Incongruent,Upright,Split,9,7,0,1,0.30787
103,14,15,2,Bottom,Diff,Incongruent,Inverted,Aligned,1,5,1,2,0.46666
103,14,15,2,Bottom,Same,Congruent,Inverted,Aligned,5,5,0,2,0.84158
103,14,15,2,Bottom,Diff,Congruent,Inverted,Split,7,5,0,1,0.95308
103,14,15,2,Bottom,Diff,Congruent,Inverted,Split,5,7,1,2,0.99075
103,14,15,1,Bottom,Diff,Incongruent,Upright,Aligned,5,1,1,2,0.40668
103,14,15,2,Bottom,Diff,Congruent,Upright,Split,7,5,1,2,0.26775
103,14,15,1,Bottom,Diff,Incongruent,Inverted,Split,5,1,0,1,0.5853
103,14,15,1,Bottom,Diff,Incongruent,Upright,Aligned,9,7,1,2,0.28005
103,14,15,2,Bottom,Diff,Congruent,Inverted,Split,5,7,1,2,1.49
103,14,15,2,Bottom,Same,Incongruent,Upright,Split,9,5,1,1,0.37678
103,14,15,2,Bottom,Same,Incongruent,Upright,Aligned,7,1,1,1,0.37383
103,14,15,1,Bottom,Diff,Incongruent,Inverted,Split,9,7,0,1,0.84679
103,14,15,2,Bottom,Diff,Incongruent,Inverted,Aligned,1,5,1,2,0.55276
103,14,15,2,Bottom,Diff,Congruent,Upright,Split,7,5,1,2,0.93996
103,14,15,1,Bottom,Diff,Incongruent,Inverted,Aligned,5,1,0,1,0.80566
103,14,15,1,Bottom,Same,Incongruent,Upright,Split,5,9,1,1,0.3017
103,15,2,2,Top,Diff,Incongruent,Inverted,Aligned,7,1,1,2,0.49873
103,15,2,2,Top,Diff,Incongruent,Upright,Split,1,7,1,2,0.38822
103,15,2,2,Top,Diff,Incongruent,Upright,Aligned,5,9,1,2,0.23327
103,15,2,2,Top,Diff,Incongruent,Upright,Split,1,7,1,2,1.4445
103,15,2,2,Top,Diff,Congruent,Inverted,Split,1,9,1,2,1.1097
103,15,2,1,Top,Same,Congruent,Upright,Split,5,5,1,1,0.25055
103,15,2,2,Top,Same,Congruent,Upright,Split,7,7,1,1,0.58666
103,15,2,2,Top,Diff,Incongruent,Inverted,Aligned,1,7,1,2,0.62697
103,15,2,1,Top,Same,Congruent,Inverted,Aligned,1,1,1,1,0.33067
103,15,2,1,Top,Same,Congruent,Upright,Split,5,5,1,1,0.26547
103,15,2,1,Top,Same,Congruent,Inverted,Aligned,1,1,1,1,0.24484
103,15,2,2,Top,Same,Congruent,Upright,Aligned,1,1,1,1,0.18865
103,15,2,1,Top,Same,Congruent,Inverted,Split,9,9,1,1,0.36208
103,15,2,2,Top,Diff,Congruent,Inverted,Split,1,9,1,2,0.33282
103,15,2,1,Top,Same,Congruent,Upright,Aligned,1,1,1,1,0.22895
103,15,2,2,Top,Diff,Incongruent,Inverted,Split,5,9,1,2,0.33195
103,15,2,1,Top,Same,Congruent,Inverted,Split,9,9,0,2,0.57308
103,15,2,1,Top,Same,Congruent,Upright,Aligned,7,7,1,1,0.52621
103,15,2,1,Top,Same,Congruent,Inverted,Aligned,5,5,1,1,0.33983
103,15,2,1,Top,Same,Incongruent,Upright,Split,9,7,1,1,0.38909
103,15,2,2,Top,Diff,Incongruent,Inverted,Aligned,7,1,1,2,0.31805
103,15,2,1,Top,Same,Incongruent,Inverted,Split,9,7,1,1,0.28325
103,15,2,2,Top,Diff,Incongruent,Inverted,Split,5,9,1,2,1.0015
103,15,2,2,Top,Same,Congruent,Upright,Aligned,1,1,1,1,0.18993
103,15,2,1,Top,Same,Congruent,Upright,Aligned,7,7,1,1,0.28487
103,15,2,1,Top,Same,Congruent,Inverted,Aligned,5,5,1,1,0.32161
103,15,2,2,Top,Diff,Incongruent,Inverted,Aligned,1,7,1,2,0.29027
103,15,2,1,Top,Same,Congruent,Upright,Aligned,1,1,1,1,0.16316
103,15,2,2,Top,Diff,Incongruent,Upright,Aligned,5,9,1,2,0.20588
103,15,2,2,Top,Same,Congruent,Upright,Split,7,7,1,1,0.16403
103,15,2,1,Top,Same,Incongruent,Upright,Split,9,7,1,1,0.27462
103,15,2,1,Top,Same,Incongruent,Inverted,Split,9,7,1,1,0.28187
103,16,10,1,Top,Same,Incongruent,Inverted,Aligned,7,9,1,1,0.41864
103,16,10,1,Top,Diff,Incongruent,Upright,Split,1,7,1,2,0.53877
103,16,10,2,Top,Same,Congruent,Inverted,Split,5,5,1,1,0.46957
103,16,10,2,Top,Same,Congruent,Inverted,Split,5,5,1,1,0.2594
103,16,10,2,Top,Diff,Congruent,Upright,Split,5,7,1,2,0.16523
103,16,10,2,Top,Diff,Congruent,Inverted,Aligned,7,5,1,2,0.39151
103,16,10,2,Top,Diff,Incongruent,Upright,Split,5,9,1,2,0.288
103,16,10,2,Top,Same,Incongruent,Inverted,Split,1,5,1,1,0.17864
103,16,10,1,Top,Diff,Incongruent,Inverted,Aligned,7,1,1,2,0.48757
103,16,10,1,Top,Same,Incongruent,Upright,Split,5,1,1,1,0.30372
103,16,10,2,Top,Diff,Congruent,Upright,Aligned,9,1,1,2,0.14479
103,16,10,2,Top,Diff,Congruent,Inverted,Aligned,7,5,1,2,0.43605
103,16,10,1,Top,Diff,Incongruent,Inverted,Aligned,7,1,1,2,0.50087
103,16,10,2,Top,Same,Congruent,Upright,Aligned,5,5,1,1,0.36977
103,16,10,2,Top,Diff,Congruent,Upright,Split,5,7,1,2,0.24465
103,16,10,1,Top,Same,Congruent,Upright,Aligned,9,9,1,1,0.28948
103,16,10,1,Top,Diff,Incongruent,Upright,Aligned,1,7,1,2,0.1478
103,16,10,1,Top,Diff,Incongruent,Inverted,Split,5,9,1,2,0.60992
103,16,10,2,Top,Same,Congruent,Upright,Aligned,5,5,1,1,0.32435
103,16,10,2,Top,Same,Incongruent,Inverted,Split,1,5,1,1,0.41292
103,16,10,1,Top,Same,Incongruent,Inverted,Aligned,7,9,0,2,0.37352
103,16,10,2,Top,Diff,Congruent,Upright,Aligned,9,1,0,1,0.2362
103,16,10,1,Top,Diff,Incongruent,Upright,Split,1,7,1,2,0.22767
103,16,10,1,Top,Same,Incongruent,Inverted,Split,5,1,1,1,0.27916
103,16,10,2,Top,Same,Congruent,Inverted,Aligned,1,1,1,1,0.24883
103,16,10,1,Top,Same,Congruent,Upright,Aligned,9,9,1,1,0.29889
103,16,10,2,Top,Diff,Incongruent,Upright,Split,5,9,1,2,0.16289
103,16,10,2,Top,Same,Congruent,Inverted,Aligned,1,1,1,1,0.23488
103,16,10,1,Top,Diff,Incongruent,Upright,Aligned,1,7,0,1,1.02
103,16,10,1,Top,Same,Incongruent,Inverted,Split,5,1,1,1,0.22856
103,16,10,1,Top,Diff,Incongruent,Inverted,Split,5,9,0,1,0.25773
103,16,10,1,Top,Same,Incongruent,Upright,Split,5,1,1,1,0.15663
