525,1,8,1,Top,Same,Incongruent,Upright,Split,1,5,1,1,2.0327
525,1,8,2,Top,Diff,Congruent,Inverted,Split,1,9,0,1,2.3371
525,1,8,2,Top,Diff,Congruent,Inverted,Split,1,9,1,2,0.87376
525,1,8,1,Top,Same,Incongruent,Upright,Split,1,5,1,1,0.95014
525,1,8,1,Top,Same,Congruent,Upright,Aligned,7,7,1,1,0.64087
525,1,8,2,Top,Diff,Congruent,Upright,Split,7,5,1,2,0.69097
525,1,8,2,Top,Diff,Congruent,Upright,Aligned,5,7,1,2,1.4471
525,1,8,1,Top,Diff,Congruent,Inverted,Split,9,1,0,1,0.79816
525,1,8,1,Top,Diff,Incongruent,Inverted,Split,9,5,0,1,0.79986
525,1,8,1,Top,Diff,Incongruent,Inverted,Split,9,5,0,1,0.62007
525,1,8,2,Top,Same,Incongruent,Inverted,Aligned,5,1,1,1,0.84715
525,1,8,1,Top,Same,Congruent,Upright,Aligned,7,7,1,1,0.63983
525,1,8,1,Top,Diff,Incongruent,Inverted,Aligned,1,7,1,2,0.79077
525,1,8,2,Top,Diff,Congruent,Upright,Split,7,5,0,1,0.6892
525,1,8,2,Top,Same,Incongruent,Inverted,Aligned,9,7,1,1,1.4126
525,1,8,2,Top,Same,Incongruent,Upright,Split,1,5,1,1,0.57198
525,1,8,2,Top,Diff,Incongruent,Upright,Aligned,9,5,0,1,0.498
525,1,8,1,Top,Diff,Incongruent,Upright,Aligned,1,7,1,2,0.55712
525,1,8,2,Top,Same,Congruent,Inverted,Split,9,9,1,1,0.92596
525,1,8,2,Top,Same,Congruent,Inverted,Split,9,9,1,1,0.70046
525,1,8,2,Top,Diff,Incongruent,Upright,Aligned,9,5,1,2,0.55923
525,1,8,1,Top,Diff,Congruent,Inverted,Split,9,1,0,1,0.25943
525,1,8,2,Top,Same,Incongruent,Inverted,Aligned,5,1,1,1,0.50199
525,1,8,2,Top,Diff,Congruent,Upright,Aligned,5,7,1,2,0.43613
525,1,8,1,Top,Diff,Congruent,Inverted,Aligned,9,1,1,2,0.8064
525,1,8,1,Top,Same,Incongruent,Upright,Split,7,9,0,2,0.50099
525,1,8,2,Top,Same,Incongruent,Upright,Split,1,5,1,1,0.40194
525,1,8,1,Top,Diff,Congruent,Inverted,Aligned,9,1,1,2,0.38266
525,1,8,1,Top,Diff,Incongruent,Inverted,Aligned,1,7,0,1,0.46127
525,1,8,1,Top,Diff,Incongruent,Upright,Aligned,1,7,1,2,0.30816
525,1,8,2,Top,Same,Incongruent,Inverted,Aligned,9,7,0,2,0.37746
525,1,8,1,Top,Same,Incongruent,Upright,Split,7,9,1,1,0.16215
525,2,9,2,Bottom,Diff,Incongruent,Inverted,Split,7,9,0,1,0.56739
525,2,9,2,Bottom,Diff,Incongruent,Inverted,Split,7,9,1,2,0.64066
525,2,9,1,Bottom,Same,Congruent,Inverted,Split,5,5,1,1,0.45112
525,2,9,1,Bottom,Diff,Incongruent,Upright,Split,5,1,0,1,0.60084
525,2,9,2,Bottom,Same,Congruent,Inverted,Aligned,7,7,1,1,0.54197
525,2,9,2,Bottom,Diff,Congruent,Upright,Aligned,5,7,1,2,0.35892
525,2,9,1,Bottom,Diff,Incongruent,Inverted,Split,1,5,1,2,0.26138
525,2,9,1,Bottom,Diff,Congruent,Upright,Aligned,1,9,1,2,0.32376
525,2,9,2,Bottom,Same,Congruent,Inverted,Aligned,5,5,1,1,0.62304
525,2,9,1,Bottom,Diff,Incongruent,Upright,Split,5,1,0,1,0.31921
525,2,9,2,Bottom,Diff,Incongruent,Upright,Aligned,1,5,1,2,0.22345
525,2,9,1,Bottom,Diff,Incongruent,Inverted,Aligned,7,9,1,2,0.29615
525,2,9,1,Bottom,Diff,Incongruent,Inverted,Aligned,1,5,1,2,0.21303
525,2,9,1,Bottom,Diff,Incongruent,Upright,Aligned,9,7,0,1,0.20149
525,2,9,2,Bottom,Diff,Congruent,Inverted,Split,9,1,1,2,0.55694
525,2,9,2,Bottom,Same,Incongruent,Upright,Split,9,5,1,1,0.54407
525,2,9,2,Bottom,Diff,Congruent,Upright,Split,7,5,1,2,0.37173
525,2,9,2,Bottom,Diff,Incongruent,Upright,Aligned,1,5,1,2,0.19209
525,2,9,1,Bottom,Diff,Congruent,Upright,Split,1,9,1,2,0.43231
525,2,9,1,Bottom,Diff,Congruent,Upright,Aligned,1,9,1,2,0.2535
525,2,9,2,Bottom,Diff,Congruent,Inverted,Split,9,1,0,1,0.61477
525,2,9,1,Bottom,Diff,Incongruent,Upright,Aligned,9,7,1,2,0.52731
525,2,9,1,Bottom,Diff,Incongruent,Inverted,Aligned,1,5,1,2,0.82448
525,2,9,2,Bottom,Diff,Congruent,Upright,Split,7,5,1,2,0.41657
525,2,9,1,Bottom,Same,Congruent,Inverted,Split,5,5,0,2,0.594
525,2,9,2,Bottom,Same,Congruent,Inverted,Aligned,7,7,0,2,0.29066
525,2,9,2,Bottom,Same,Congruent,Inverted,Aligned,5,5,1,1,0.54511
525,2,9,1,Bottom,Diff,Incongruent,Inverted,Aligned,7,9,1,2,0.47041
525,2,9,2,Bottom,Diff,Congruent,Upright,Aligned,5,7,1,2,0.28912
525,2,9,1,Bottom,Diff,Congruent,Upright,Split,1,9,1,2,0.33755
525,2,9,1,Bottom,Diff,Incongruent,Inverted,Split,1,5,1,2,0.37443
525,2,9,2,Bottom,Same,Incongruent,Upright,Split,9,5,1,1,0.36881
525,3,13,2,Bottom,Same,Incongruent,Upright,Aligned,7,1,0,2,0.40118
525,3,13,1,Bottom,Same,Congruent,Upright,Split,5,5,1,1,0.30616
525,3,13,2,Bottom,Diff,Incongruent,Inverted,Split,1,5,1,2,0.46496
525,3,13,1,Bottom,Same,Incongruent,Inverted,Aligned,1,7,0,2,0.28436
525,3,13,2,Bottom,Same,Congruent,Inverted,Split,9,9,1,1,0.61149
525,3,13,1,Bottom,Same,Congruent,Upright,Aligned,9,9,1,1,0.29448
525,3,13,2,Bottom,Same,Incongruent,Upright,Aligned,7,1,1,1,0.39838
525,3,13,2,Bottom,Same,Incongruent,Upright,Split,5,9,1,1,0.46778
525,3,13,2,Bottom,Same,Congruent,Inverted,Aligned,1,1,1,1,0.4394
525,3,13,2,Bottom,Same,Congruent,Inverted,Aligned,1,1,1,1,0.44873
525,3,13,1,Bottom,Same,Congruent,Upright,Split,5,5,1,1,0.1779
525,3,13,1,Bottom,Same,Incongruent,Inverted,Aligned,1,7,1,1,0.40437
525,3,13,1,Bottom,Same,Incongruent,Inverted,Split,9,5,1,1,0.4211
525,3,13,2,Bottom,Same,Congruent,Upright,Split,5,5,1,1,0.15459
525,3,13,1,Bottom,Diff,Incongruent,Inverted,Split,5,1,0,1,0.30172
525,3,13,1,Bottom,Same,Congruent,Upright,Aligned,1,1,1,1,0.28527
525,3,13,2,Bottom,Same,Congruent,Upright,Split,5,5,1,1,0.087245
525,3,13,2,Bottom,Same,Incongruent,Upright,Split,5,9,1,1,0.083822
525,3,13,1,Bottom,Diff,Incongruent,Inverted,Split,5,1,0,1,0.46302
525,3,13,2,Bottom,Diff,Incongruent,Inverted,Aligned,5,1,1,2,0.25503
525,3,13,1,Bottom,Diff,Congruent,Inverted,Aligned,7,5,1,2,0.25675
525,3,13,1,Bottom,Diff,Congruent,Upright,Split,7,5,0,1,0.33324
525,3,13,1,Bottom,Same,Congruent,Upright,Aligned,1,1,1,1,0.28323
525,3,13,2,Bottom,Same,Congruent,Upright,Aligned,7,7,1,1,0.29599
525,3,13,2,Bottom,Diff,Incongruent,Inverted,Split,1,5,1,2,0.25871
525,3,13,1,Bottom,Same,Congruent,Upright,Aligned,9,9,1,1,0.19273
525,3,13,1,Bottom,Same,Incongruent,Inverted,Split,9,5,0,2,0.18559
525,3,13,2,Bottom,Same,Congruent,Upright,Aligned,7,7,1,1,0.22854
525,3,13,2,Bottom,Diff,Incongruent,Inverted,Aligned,5,1,1,2,0.33407
525,3,13,1,Bottom,Diff,Congruent,Inverted,Aligned,7,5,1,2,0.36346
525,3,13,1,Bottom,Diff,Congruent,Upright,Split,7,5,0,1,0.40237
525,3,13,2,Bottom,Same,Congruent,Inverted,Split,9,9,1,1,0.36272
525,4,2,1,Top,Same,Congruent,Inverted,Split,9,9,1,1,0.69821
525,4,2,2,Top,Same,Incongruent,Upright,Split,7,9,1,1,0.29711
525,4,2,2,Top,Diff,Congruent,Inverted,Split,7,5,1,2,0.42183
525,4,2,1,Top,Diff,Congruent,Upright,Aligned,7,5,0,1,0.38059
525,4,2,2,Top,Same,Congruent,Upright,Split,7,7,1,1,0.28219
525,4,2,2,Top,Same,Incongruent,Inverted,Split,5,1,0,2,0.45678
525,4,2,1,Top,Diff,Incongruent,Inverted,Split,5,9,1,2,0.55698
525,4,2,2,Top,Same,Congruent,Upright,Split,7,7,1,1,0.22307
525,4,2,1,Top,Diff,Congruent,Upright,Aligned,1,9,1,2,0.27463
525,4,2,2,Top,Same,Incongruent,Inverted,Split,5,1,0,2,0.32485
525,4,2,1,Top,Same,Congruent,Inverted,Aligned,5,5,1,1,0.99341
525,4,2,1,Top,Same,Congruent,Inverted,Aligned,5,5,0,2,0.32686
525,4,2,2,Top,Diff,Incongruent,Upright,Aligned,5,9,1,2,0.22632
525,4,2,2,Top,Diff,Incongruent,Upright,Aligned,1,7,1,2,0.25279
525,4,2,1,Top,Diff,Incongruent,Inverted,Aligned,5,9,1,2,0.56117
525,4,2,2,Top,Diff,Incongruent,Inverted,Aligned,5,9,1,2,0.56331
525,4,2,2,Top,Diff,Incongruent,Inverted,Aligned,5,9,1,2,0.38314
525,4,2,1,Top,Diff,Congruent,Upright,Aligned,7,5,1,2,0.38765
525,4,2,1,Top,Diff,Incongruent,Inverted,Split,5,9,1,2,0.40517
525,4,2,2,Top,Diff,Incongruent,Inverted,Aligned,9,5,1,2,0.34153
525,4,2,2,Top,Diff,Incongruent,Upright,Aligned,5,9,1,2,0.19854
525,4,2,1,Top,Same,Incongruent,Upright,Split,5,1,0,2,0.38969
525,4,2,1,Top,Same,Incongruent,Upright,Split,5,1,1,1,0.29848
525,4,2,2,Top,Diff,Congruent,Inverted,Split,7,5,1,2,0.45262
525,4,2,1,Top,Diff,Congruent,Upright,Aligned,1,9,1,2,0.23703
525,4,2,2,Top,Diff,Incongruent,Inverted,Aligned,9,5,1,2,0.29631
525,4,2,1,Top,Diff,Incongruent,Inverted,Aligned,5,9,1,2,0.34945
525,4,2,2,Top,Same,Incongruent,Upright,Split,7,9,1,1,0.33623
525,4,2,1,Top,Diff,Incongruent,Upright,Split,5,9,1,2,0.32352
525,4,2,2,Top,Diff,Incongruent,Upright,Aligned,1,7,1,2,0.10317
525,4,2,1,Top,Diff,Incongruent,Upright,Split,5,9,1,2,0.44015
525,4,2,1,Top,Same,Congruent,Inverted,Split,9,9,1,1,0.70513
525,5,6,2,Top,Diff,Congruent,Inverted,Aligned,1,9,1,2,0.19974
525,5,6,1,Top,Same,Incongruent,Upright,Aligned,7,9,1,1,0.41848
525,5,6,2,Top,Same,Incongruent,Upright,Split,9,7,1,1,0.24799
525,5,6,2,Top,Same,Incongruent,Inverted,Aligned,1,5,1,1,0.57763
525,5,6,2,Top,Diff,Congruent,Inverted,Split,9,1,1,2,0.53301
525,5,6,1,Top,Same,Incongruent,Upright,Aligned,7,9,1,1,0.24461
525,5,6,1,Top,Same,Incongruent,Inverted,Split,1,5,0,2,0.40914
525,5,6,1,Top,Same,Congruent,Inverted,Split,5,5,0,2,0.81418
525,5,6,1,Top,Same,Congruent,Inverted,Split,5,5,1,1,0.55316
525,5,6,1,Top,Same,Congruent,Upright,Split,5,5,1,1,0.81993
525,5,6,1,Top,Same,Incongruent,Inverted,Aligned,1,5,1,1,0.41339
525,5,6,1,Top,Diff,Congruent,Upright,Split,1,9,1,2,0.55552
525,5,6,1,Top,Same,Incongruent,Inverted,Aligned,5,1,0,2,0.63798
525,5,6,1,Top,Diff,Congruent,Upright,Split,1,9,0,1,0.2108
525,5,6,1,Top,Same,Congruent,Upright,Split,5,5,1,1,0.31909
525,5,6,2,Top,Same,Congruent,Inverted,Split,5,5,1,1,0.50879
525,5,6,1,Top,Same,Incongruent,Inverted,Split,1,5,1,1,0.50523
525,5,6,2,Top,Same,Congruent,Inverted,Split,5,5,1,1,0.3816
525,5,6,1,Top,Same,Incongruent,Inverted,Aligned,5,1,1,1,0.36291
525,5,6,2,Top,Diff,Congruent,Inverted,Aligned,1,9,1,2,0.35885
525,5,6,2,Top,Same,Congruent,Upright,Split,9,9,1,1,0.16579
525,5,6,2,Top,Same,Incongruent,Upright,Aligned,1,5,1,1,0.68023
525,5,6,2,Top,Same,Congruent,Upright,Split,9,9,1,1,0.37821
525,5,6,2,Top,Same,Incongruent,Upright,Split,9,7,1,1,0.37613
525,5,6,2,Top,Diff,Congruent,Upright,Aligned,1,9,1,2,0.2234
525,5,6,2,Top,Same,Incongruent,Inverted,Aligned,1,5,1,1,0.54793
525,5,6,1,Top,Same,Incongruent,Inverted,Aligned,1,5,1,1,0.37781
525,5,6,1,Top,Same,Incongruent,Upright,Aligned,5,1,1,1,0.61951
525,5,6,2,Top,Diff,Congruent,Inverted,Split,9,1,1,2,0.35674
525,5,6,2,Top,Diff,Congruent,Upright,Aligned,1,9,1,2,0.17352
525,5,6,1,Top,Same,Incongruent,Upright,Aligned,5,1,1,1,0.26548
525,5,6,2,Top,Same,Incongruent,Upright,Aligned,1,5,1,1,0.24085
525,6,7,1,Bottom,Same,Congruent,Upright,Aligned,5,5,1,1,0.28721
525,6,7,2,Bottom,Same,Congruent,Upright,Split,1,1,1,1,0.22539
525,6,7,2,Bottom,Diff,Congruent,Upright,Aligned,9,1,1,2,0.25434
525,6,7,1,Bottom,Diff,Incongruent,Inverted,Split,9,7,1,2,1.3123
525,6,7,2,Bottom,Same,Congruent,Inverted,Split,5,5,0,2,0.61032
525,6,7,1,Bottom,Same,Incongruent,Inverted,Aligned,7,1,1,1,0.41866
525,6,7,1,Bottom,Same,Incongruent,Upright,Split,7,1,1,1,0.32302
525,6,7,2,Bottom,Same,Congruent,Inverted,Split,7,7,1,1,0.27787
525,6,7,1,Bottom,Same,Incongruent,Inverted,Aligned,7,1,1,1,0.37538
525,6,7,1,Bottom,Diff,Incongruent,Inverted,Split,9,7,0,1,0.3358
525,6,7,2,Bottom,Same,Congruent,Upright,Split,9,9,1,1,0.21285
525,6,7,2,Bottom,Diff,Incongruent,Inverted,Aligned,9,7,1,2,0.33286
525,6,7,1,Bottom,Diff,Congruent,Inverted,Split,1,9,0,1,0.47831
525,6,7,2,Bottom,Same,Incongruent,Inverted,Aligned,9,5,1,1,0.47759
525,6,7,2,Bottom,Same,Congruent,Upright,Split,1,1,1,1,0.2297
525,6,7,2,Bottom,Diff,Incongruent,Inverted,Aligned,9,7,0,1,0.32929
525,6,7,2,Bottom,Same,Congruent,Inverted,Split,7,7,1,1,0.44779
525,6,7,2,Bottom,Same,Congruent,Upright,Split,9,9,1,1,0.18123
525,6,7,1,Bottom,Same,Incongruent,Upright,Split,7,1,1,1,0.33337
525,6,7,1,Bottom,Same,Congruent,Upright,Aligned,5,5,0,2,0.29811
525,6,7,2,Bottom,Diff,Incongruent,Upright,Aligned,9,7,1,2,0.17193
525,6,7,2,Bottom,Same,Incongruent,Inverted,Aligned,9,5,1,1,0.2753
525,6,7,1,Bottom,Diff,Congruent,Upright,Aligned,5,7,1,2,0.291
525,6,7,1,Bottom,Same,Incongruent,Inverted,Aligned,9,5,1,1,0.39635
525,6,7,1,Bottom,Same,Incongruent,Inverted,Aligned,9,5,1,1,0.31084
525,6,7,1,Bottom,Diff,Congruent,Inverted,Split,1,9,1,2,0.39316
525,6,7,2,Bottom,Same,Congruent,Inverted,Split,5,5,1,1,0.4054
525,6,7,1,Bottom,Diff,Congruent,Upright,Aligned,5,7,1,2,0.36446
525,6,7,1,Bottom,Same,Congruent,Upright,Split,9,9,1,1,0.2298
525,6,7,1,Bottom,Same,Congruent,Upright,Split,9,9,1,1,0.25004
525,6,7,2,Bottom,Diff,Incongruent,Upright,Aligned,9,7,1,2,0.34032
525,6,7,2,Bottom,Diff,Congruent,Upright,Aligned,9,1,1,2,0.26743
525,7,10,2,Top,Diff,Congruent,Inverted,Split,5,7,1,2,0.51993
525,7,10,1,Top,Diff,Congruent,Upright,Aligned,9,1,1,2,0.40096
525,7,10,2,Top,Diff,Congruent,Upright,Aligned,7,5,1,2,0.27449
525,7,10,2,Top,Diff,Incongruent,Inverted,Split,1,7,1,2,0.46196
525,7,10,1,Top,Same,Congruent,Upright,Split,7,7,1,1,0.2719
525,7,10,2,Top,Same,Congruent,Inverted,Aligned,9,9,0,2,0.4276
525,7,10,2,Top,Diff,Congruent,Upright,Aligned,7,5,1,2,0.32585
525,7,10,1,Top,Diff,Incongruent,Inverted,Split,7,1,0,1,0.58227
525,7,10,2,Top,Same,Congruent,Inverted,Aligned,9,9,1,1,0.50941
525,7,10,2,Top,Diff,Congruent,Upright,Split,1,9,1,2,0.35301
525,7,10,1,Top,Diff,Congruent,Upright,Aligned,5,7,1,2,0.3857
525,7,10,1,Top,Diff,Congruent,Upright,Aligned,9,1,1,2,0.31304
525,7,10,2,Top,Same,Incongruent,Upright,Aligned,5,1,1,1,0.56291
525,7,10,2,Top,Same,Incongruent,Upright,Split,5,1,1,1,0.12866
525,7,10,1,Top,Diff,Incongruent,Inverted,Split,1,7,1,2,0.38617
525,7,10,1,Top,Diff,Congruent,Upright,Split,9,1,1,2,0.34219
525,7,10,2,Top,Diff,Congruent,Inverted,Aligned,5,7,1,2,0.29974
525,7,10,2,Top,Diff,Incongruent,Inverted,Split,1,7,1,2,0.2826
525,7,10,2,Top,Same,Incongruent,Upright,Split,5,1,1,1,0.22387
525,7,10,1,Top,Same,Incongruent,Inverted,Aligned,7,9,1,1,0.63818
525,7,10,1,Top,Diff,Incongruent,Inverted,Split,7,1,0,1,0.47982
525,7,10,2,Top,Diff,Congruent,Inverted,Split,5,7,1,2,0.29579
525,7,10,1,Top,Diff,Congruent,Upright,Aligned,5,7,1,2,0.25872
525,7,10,2,Top,Diff,Congruent,Upright,Split,1,9,1,2,0.25423
525,7,10,1,Top,Same,Congruent,Upright,Split,7,7,1,1,0.63773
525,7,10,1,Top,Same,Incongruent,Inverted,Aligned,7,9,1,1,1.2422
525,7,10,2,Top,Same,Incongruent,Upright,Aligned,5,1,1,1,0.93545
525,7,10,1,Top,Diff,Congruent,Upright,Split,9,1,1,2,0.24703
525,7,10,1,Top,Diff,Incongruent,Inverted,Split,1,7,1,2,0.33119
525,7,10,1,Top,Diff,Congruent,Inverted,Aligned,1,9,1,2,0.1386
525,7,10,1,Top,Diff,Congruent,Inverted,Aligned,1,9,1,2,0.31261
525,7,10,2,Top,Diff,Congruent,Inverted,Aligned,5,7,1,2,0.096455
525,8,11,1,Bottom,Same,Congruent,Upright,Aligned,7,7,1,1,0.30317
525,8,11,2,Bottom,Diff,Incongruent,Upright,Split,5,1,0,1,0.38848
525,8,11,1,Bottom,Diff,Incongruent,Inverted,Aligned,5,1,1,2,1.1737
525,8,11,2,Bottom,Same,Congruent,Inverted,Split,1,1,1,1,0.95358
525,8,11,2,Bottom,Same,Incongruent,Inverted,Split,5,9,1,1,0.6252
525,8,11,2,Bottom,Diff,Incongruent,Upright,Aligned,5,1,1,2,0.26763
525,8,11,2,Bottom,Same,Congruent,Inverted,Aligned,9,9,1,1,0.48537
525,8,11,2,Bottom,Diff,Incongruent,Upright,Split,7,9,0,1,0.48646
525,8,11,1,Bottom,Same,Incongruent,Inverted,Aligned,5,9,1,1,0.89963
525,8,11,1,Bottom,Diff,Incongruent,Upright,Aligned,1,5,0,1,0.86867
525,8,11,1,Bottom,Same,Congruent,Upright,Split,7,7,1,1,0.26338
525,8,11,2,Bottom,Diff,Incongruent,Upright,Split,5,1,0,1,0.83249
525,8,11,2,Bottom,Diff,Congruent,Upright,Aligned,1,9,1,2,0.21607
525,8,11,1,Bottom,Diff,Congruent,Inverted,Split,9,1,0,1,0.39831
525,8,11,2,Bottom,Same,Incongruent,Inverted,Aligned,1,7,0,2,0.4838
525,8,11,2,Bottom,Diff,Congruent,Upright,Aligned,1,9,1,2,0.38263
525,8,11,1,Bottom,Diff,Incongruent,Upright,Aligned,1,5,1,2,1.3177
525,8,11,2,Bottom,Same,Congruent,Inverted,Split,1,1,1,1,0.50864
525,8,11,2,Bottom,Same,Incongruent,Inverted,Aligned,1,7,1,1,0.47516
525,8,11,1,Bottom,Same,Congruent,Upright,Split,7,7,1,1,0.4225
525,8,11,2,Bottom,Diff,Incongruent,Upright,Aligned,5,1,1,2,0.30709
525,8,11,1,Bottom,Same,Congruent,Upright,Aligned,7,7,1,1,0.30262
525,8,11,2,Bottom,Diff,Incongruent,Upright,Split,7,9,1,2,0.42893
525,8,11,1,Bottom,Diff,Congruent,Upright,Split,9,1,0,1,1.351
525,8,11,1,Bottom,Diff,Congruent,Inverted,Split,9,1,1,2,0.59947
525,8,11,1,Bottom,Same,Congruent,Inverted,Split,7,7,0,2,0.7387
525,8,11,1,Bottom,Same,Incongruent,Inverted,Aligned,5,9,1,1,0.63961
525,8,11,1,Bottom,Diff,Congruent,Upright,Split,9,1,1,2,0.42789
525,8,11,2,Bottom,Same,Congruent,Inverted,Aligned,9,9,1,1,0.48352
525,8,11,2,Bottom,Same,Incongruent,Inverted,Split,5,9,1,1,0.35582
525,8,11,1,Bottom,Diff,Incongruent,Inverted,Aligned,5,1,0,1,0.56231
525,8,11,1,Bottom,Same,Congruent,Inverted,Split,7,7,1,1,0.36354
525,9,16,2,Top,Same,Incongruent,Inverted,Aligned,7,9,1,1,0.61047
525,9,16,1,Top,Same,Congruent,Upright,Split,9,9,1,1,0.23859
525,9,16,2,Top,Same,Incongruent,Upright,Aligned,7,9,1,1,0.4279
525,9,16,1,Top,Diff,Congruent,Upright,Split,5,7,1,2,0.12858
525,9,16,1,Top,Same,Congruent,Inverted,Aligned,1,1,1,1,0.41345
525,9,16,1,Top,Same,Congruent,Inverted,Split,1,1,1,1,0.57587
525,9,16,2,Top,Same,Congruent,Inverted,Split,7,7,0,2,0.26461
525,9,16,1,Top,Same,Incongruent,Upright,Aligned,1,5,1,1,0.29961
525,9,16,2,Top,Diff,Incongruent,Inverted,Aligned,7,1,1,2,0.64085
525,9,16,2,Top,Diff,Incongruent,Upright,Split,7,1,1,2,0.35954
525,9,16,1,Top,Same,Congruent,Inverted,Aligned,1,1,1,1,0.3696
525,9,16,2,Top,Diff,Congruent,Upright,Split,9,1,1,2,0.24221
525,9,16,1,Top,Diff,Incongruent,Upright,Aligned,9,5,1,2,0.27376
525,9,16,2,Top,Diff,Incongruent,Upright,Aligned,7,1,1,2,0.19308
525,9,16,1,Top,Diff,Congruent,Inverted,Split,7,5,1,2,0.42028
525,9,16,2,Top,Same,Incongruent,Inverted,Aligned,7,9,0,2,0.29366
525,9,16,2,Top,Diff,Congruent,Upright,Split,9,1,1,2,0.34752
525,9,16,2,Top,Diff,Incongruent,Upright,Aligned,7,1,1,2,0.47066
525,9,16,1,Top,Same,Congruent,Upright,Split,9,9,1,1,0.31783
525,9,16,1,Top,Diff,Congruent,Inverted,Split,7,5,0,1,0.74594
525,9,16,2,Top,Same,Congruent,Inverted,Split,7,7,1,1,0.48316
525,9,16,1,Top,Same,Congruent,Inverted,Aligned,9,9,1,1,0.25928
525,9,16,2,Top,Same,Incongruent,Upright,Aligned,7,9,1,1,0.12653
525,9,16,1,Top,Same,Incongruent,Upright,Aligned,1,5,1,1,0.41561
525,9,16,1,Top,Same,Congruent,Inverted,Split,1,1,1,1,0.54177
525,9,16,1,Top,Diff,Congruent,Upright,Split,5,7,1,2,0.25385
525,9,16,2,Top,Diff,Incongruent,Upright,Split,7,1,1,2,0.30933
525,9,16,2,Top,Diff,Incongruent,Inverted,Split,9,5,0,1,0.53514
525,9,16,1,Top,Diff,Incongruent,Upright,Aligned,9,5,1,2,0.85539
525,9,16,2,Top,Diff,Incongruent,Inverted,Split,9,5,1,2,0.56115
525,9,16,1,Top,Same,Congruent,Inverted,Aligned,9,9,1,1,0.65971
525,9,16,2,Top,Diff,Incongruent,Inverted,Aligned,7,1,1,2,0.39153
525,10,4,1,Top,Diff,Congruent,Inverted,Aligned,5,7,1,2,0.35866
525,10,4,2,Top,Diff,Incongruent,Upright,Split,9,5,0,1,0.21366
525,10,4,1,Top,Diff,Congruent,Upright,Split,7,5,1,2,0.43399
525,10,4,1,Top,Diff,Incongruent,Upright,Aligned,5,9,1,2,0.32192
525,10,4,2,Top,Diff,Congruent,Inverted,Aligned,7,5,0,1,0.57608
525,10,4,2,Top,Diff,Incongruent,Inverted,Split,5,9,1,2,0.27438
525,10,4,1,Top,Diff,Congruent,Upright,Split,7,5,1,2,0.42401
525,10,4,1,Top,Diff,Incongruent,Upright,Aligned,7,1,1,2,0.61187
525,10,4,1,Top,Diff,Incongruent,Upright,Split,9,5,1,2,0.28085
525,10,4,2,Top,Same,Congruent,Inverted,Aligned,1,1,1,1,0.55676
525,10,4,1,Top,Diff,Congruent,Inverted,Aligned,7,5,0,1,0.63153
525,10,4,2,Top,Same,Congruent,Upright,Aligned,5,5,1,1,0.30401
525,10,4,2,Top,Diff,Congruent,Inverted,Aligned,7,5,1,2,0.97758
525,10,4,2,Top,Diff,Incongruent,Upright,Split,9,5,1,2,0.37484
525,10,4,1,Top,Diff,Congruent,Inverted,Aligned,5,7,1,2,0.38771
525,10,4,2,Top,Diff,Incongruent,Upright,Split,1,7,1,2,0.22377
525,10,4,1,Top,Same,Incongruent,Inverted,Split,9,7,0,2,0.58797
525,10,4,1,Top,Same,Incongruent,Inverted,Split,9,7,0,2,0.39519
525,10,4,1,Top,Diff,Incongruent,Upright,Aligned,7,1,0,1,0.67774
525,10,4,1,Top,Diff,Incongruent,Upright,Split,9,5,0,1,0.36219
525,10,4,2,Top,Same,Congruent,Inverted,Aligned,1,1,1,1,0.46817
525,10,4,1,Top,Diff,Congruent,Inverted,Split,1,9,1,2,0.30946
525,10,4,2,Top,Same,Incongruent,Upright,Aligned,9,7,1,1,0.39375
525,10,4,1,Top,Diff,Incongruent,Upright,Aligned,5,9,0,1,0.55996
525,10,4,2,Top,Same,Congruent,Upright,Aligned,5,5,1,1,0.23908
525,10,4,2,Top,Same,Incongruent,Inverted,Split,7,9,0,2,0.46141
525,10,4,2,Top,Diff,Incongruent,Inverted,Split,5,9,1,2,0.36841
525,10,4,1,Top,Diff,Congruent,Inverted,Aligned,7,5,0,1,0.5704
525,10,4,2,Top,Diff,Incongruent,Upright,Split,1,7,1,2,0.45536
525,10,4,1,Top,Diff,Congruent,Inverted,Split,1,9,1,2,0.46791
525,10,4,2,Top,Same,Incongruent,Upright,Aligned,9,7,0,2,0.36388
525,10,4,2,Top,Same,Incongruent,Inverted,Split,7,9,1,1,0.48422
525,11,14,2,Top,Diff,Congruent,Inverted,Aligned,9,1,1,2,0.25716
525,11,14,1,Top,Diff,Incongruent,Inverted,Aligned,9,5,0,1,0.41384
525,11,14,1,Top,Diff,Incongruent,Inverted,Aligned,9,5,0,1,0.27966
525,11,14,2,Top,Same,Congruent,Upright,Aligned,9,9,1,1,0.47563
525,11,14,2,Top,Same,Congruent,Upright,Aligned,7,7,1,1,0.33336
525,11,14,2,Top,Same,Congruent,Upright,Aligned,9,9,1,1,0.26015
525,11,14,1,Top,Same,Incongruent,Inverted,Split,5,1,1,1,0.74057
525,11,14,1,Top,Diff,Incongruent,Upright,Split,7,1,1,2,0.6882
525,11,14,1,Top,Same,Congruent,Inverted,Aligned,7,7,1,1,0.36186
525,11,14,1,Top,Same,Incongruent,Inverted,Split,5,1,1,1,0.56042
525,11,14,1,Top,Diff,Incongruent,Upright,Split,1,7,1,2,0.41422
525,11,14,2,Top,Same,Congruent,Upright,Split,5,5,1,1,0.251
525,11,14,2,Top,Same,Congruent,Inverted,Split,1,1,0,2,0.74172
525,11,14,1,Top,Same,Congruent,Inverted,Split,7,7,1,1,0.75109
525,11,14,2,Top,Same,Congruent,Inverted,Aligned,7,7,1,1,0.5281
525,11,14,2,Top,Diff,Incongruent,Inverted,Split,7,1,1,2,0.66853
525,11,14,1,Top,Same,Congruent,Upright,Aligned,9,9,1,1,0.20941
525,11,14,2,Top,Same,Congruent,Upright,Split,1,1,1,1,0.22866
525,11,14,2,Top,Same,Congruent,Upright,Split,1,1,1,1,0.34276
525,11,14,1,Top,Same,Congruent,Inverted,Split,7,7,1,1,0.32694
525,11,14,1,Top,Same,Congruent,Upright,Aligned,9,9,1,1,0.25825
525,11,14,2,Top,Same,Congruent,Upright,Split,5,5,1,1,0.27642
525,11,14,2,Top,Same,Congruent,Inverted,Split,1,1,1,1,0.48953
525,11,14,1,Top,Same,Congruent,Inverted,Aligned,7,7,1,1,0.30607
525,11,14,1,Top,Same,Incongruent,Upright,Aligned,9,7,1,1,0.33091
525,11,14,1,Top,Diff,Incongruent,Upright,Split,7,1,1,2,1.2406
525,11,14,2,Top,Diff,Incongruent,Inverted,Split,7,1,0,1,0.52995
525,11,14,2,Top,Same,Congruent,Upright,Aligned,7,7,1,1,0.47438
525,11,14,2,Top,Diff,Congruent,Inverted,Aligned,9,1,1,2,0.51498
525,11,14,1,Top,Diff,Incongruent,Upright,Split,1,7,1,2,0.26482
525,11,14,1,Top,Same,Incongruent,Upright,Aligned,9,7,1,1,0.65699
525,11,14,2,Top,Same,Congruent,Inverted,Aligned,7,7,1,1,0.37829
525,12,12,1,Top,Diff,Incongruent,Inverted,Aligned,7,1,1,2,0.68401
525,12,12,1,Top,Diff,Congruent,Inverted,Split,5,7,1,2,0.91709
525,12,12,2,Top,Diff,Incongruent,Inverted,Aligned,1,7,1,2,0.3508
525,12,12,1,Top,Same,Congruent,Upright,Aligned,1,1,1,1,0.45178
525,12,12,1,Top,Same,Incongruent,Inverted,Aligned,9,7,1,1,0.50683
525,12,12,2,Top,Diff,Congruent,Upright,Split,5,7,1,2,0.42783
525,12,12,1,Top,Same,Congruent,Upright,Aligned,1,1,1,1,0.34174
525,12,12,1,Top,Same,Incongruent,Upright,Split,9,7,1,1,0.28064
525,12,12,1,Top,Same,Incongruent,Inverted,Aligned,9,7,0,2,0.62487
525,12,12,2,Top,Diff,Incongruent,Upright,Split,5,9,1,2,0.82428
525,12,12,2,Top,Same,Congruent,Inverted,Aligned,5,5,1,1,0.67145
525,12,12,1,Top,Same,Congruent,Upright,Split,1,1,1,1,0.25622
525,12,12,1,Top,Same,Incongruent,Inverted,Split,7,9,0,2,0.64752
525,12,12,2,Top,Same,Incongruent,Inverted,Split,9,7,1,1,0.56708
525,12,12,2,Top,Same,Congruent,Upright,Aligned,1,1,1,1,0.32822
525,12,12,1,Top,Same,Congruent,Upright,Split,1,1,1,1,0.18874
525,12,12,1,Top,Same,Congruent,Upright,Aligned,5,5,1,1,0.29486
525,12,12,2,Top,Diff,Incongruent,Upright,Split,5,9,1,2,0.33277
525,12,12,1,Top,Diff,Incongruent,Inverted,Aligned,7,1,0,1,0.62599
525,12,12,1,Top,Same,Incongruent,Inverted,Split,7,9,1,1,0.69361
525,12,12,2,Top,Diff,Congruent,Upright,Split,5,7,1,2,0.72902
525,12,12,1,Top,Diff,Congruent,Inverted,Split,5,7,1,2,0.64995
525,12,12,2,Top,Same,Incongruent,Inverted,Split,9,7,1,1,0.52913
525,12,12,2,Top,Diff,Incongruent,Inverted,Aligned,1,7,1,2,0.22893
525,12,12,2,Top,Same,Incongruent,Inverted,Split,1,5,1,1,0.47722
525,12,12,2,Top,Same,Congruent,Inverted,Aligned,5,5,1,1,0.37253
525,12,12,2,Top,Diff,Congruent,Upright,Aligned,9,1,1,2,0.34607
525,12,12,2,Top,Diff,Congruent,Upright,Aligned,9,1,1,2,0.40098
525,12,12,1,Top,Same,Incongruent,Upright,Split,9,7,1,1,0.33664
525,12,12,2,Top,Same,Incongruent,Inverted,Split,1,5,1,1,0.48052
525,12,12,1,Top,Same,Congruent,Upright,Aligned,5,5,1,1,0.19447
525,12,12,2,Top,Same,Congruent,Upright,Aligned,1,1,1,1,0.26782
525,13,5,1,Bottom,Diff,Congruent,Inverted,Aligned,5,7,0,1,0.6614
525,13,5,1,Bottom,Same,Congruent,Inverted,Aligned,5,5,0,2,0.74759
525,13,5,1,Bottom,Diff,Congruent,Upright,Aligned,9,1,1,2,0.35935
525,13,5,1,Bottom,Diff,Congruent,Inverted,Split,5,7,0,1,0.58713
525,13,5,2,Bottom,Same,Congruent,Upright,Aligned,1,1,1,1,0.28876
525,13,5,2,Bottom,Diff,Incongruent,Upright,Split,1,5,0,1,1.0416
525,13,5,1,Bottom,Same,Congruent,Inverted,Split,9,9,1,1,0.44529
525,13,5,1,Bottom,Diff,Incongruent,Upright,Split,1,5,0,1,0.4811
525,13,5,2,Bottom,Same,Incongruent,Inverted,Split,1,7,1,1,0.53406
525,13,5,2,Bottom,Diff,Congruent,Upright,Split,9,1,1,2,0.48381
525,13,5,2,Bottom,Diff,Congruent,Upright,Split,9,1,1,2,1.564
525,13,5,1,Bottom,Diff,Congruent,Upright,Aligned,9,1,0,1,1.1283
525,13,5,2,Bottom,Same,Congruent,Upright,Aligned,1,1,1,1,0.85232
525,13,5,1,Bottom,Same,Congruent,Upright,Split,1,1,1,1,0.33769
525,13,5,2,Bottom,Same,Incongruent,Inverted,Aligned,7,1,1,1,0.57516
525,13,5,1,Bottom,Diff,Congruent,Inverted,Aligned,5,7,0,1,0.65826
525,13,5,1,Bottom,Diff,Congruent,Inverted,Split,5,7,0,1,0.2787
525,13,5,2,Bottom,Diff,Incongruent,Upright,Split,1,5,1,2,0.44779
525,13,5,1,Bottom,Same,Congruent,Upright,Split,1,1,1,1,0.27908
525,13,5,2,Bottom,Diff,Incongruent,Inverted,Split,9,7,1,2,1.0549
525,13,5,2,Bottom,Same,Incongruent,Inverted,Aligned,7,1,1,1,0.47089
525,13,5,2,Bottom,Diff,Incongruent,Inverted,Split,9,7,1,2,0.64574
525,13,5,1,Bottom,Diff,Incongruent,Upright,Aligned,7,9,0,1,0.30123
525,13,5,1,Bottom,Diff,Incongruent,Upright,Aligned,7,9,1,2,0.70654
525,13,5,2,Bottom,Same,Incongruent,Upright,Aligned,1,7,0,2,0.33938
525,13,5,2,Bottom,Same,Incongruent,Upright,Aligned,1,7,0,2,0.42741
525,13,5,1,Bottom,Diff,Incongruent,Upright,Split,1,5,1,2,0.46119
525,13,5,1,Bottom,Same,Congruent,Inverted,Split,9,9,1,1,0.69398
525,13,5,2,Bottom,Diff,Congruent,Inverted,Aligned,9,1,1,2,0.72723
525,13,5,2,Bottom,Diff,Congruent,Inverted,Aligned,9,1,0,1,0.3406
525,13,5,1,Bottom,Same,Congruent,Inverted,Aligned,5,5,1,1,0.49492
525,13,5,2,Bottom,Same,Incongruent,Inverted,Split,1,7,0,2,0.71481
525,14,3,2,Bottom,Diff,Incongruent,Inverted,Split,5,1,0,1,1.1281
525,14,3,2,Bottom,Same,Congruent,Upright,Aligned,5,5,1,1,0.41509
525,14,3,1,Bottom,Same,Incongruent,Upright,Aligned,7,1,0,2,0.45393
525,14,3,1,Bottom,Same,Incongruent,Inverted,Split,5,9,1,1,0.49452
525,14,3,1,Bottom,Same,Congruent,Inverted,Aligned,1,1,1,1,0.43546
525,14,3,1,Bottom,Same,Congruent,Inverted,Aligned,1,1,1,1,0.3902
525,14,3,2,Bottom,Same,Incongruent,Inverted,Split,7,1,1,1,0.43676
525,14,3,2,Bottom,Diff,Congruent,Inverted,Aligned,1,9,1,2,0.33093
525,14,3,1,Bottom,Same,Incongruent,Inverted,Split,5,9,1,1,0.37153
525,14,3,2,Bottom,Diff,Incongruent,Inverted,Split,5,1,0,1,0.71928
525,14,3,1,Bottom,Same,Incongruent,Upright,Split,1,7,1,1,0.33335
525,14,3,2,Bottom,Diff,Congruent,Inverted,Aligned,5,7,0,1,0.70285
525,14,3,2,Bottom,Diff,Congruent,Inverted,Aligned,1,9,1,2,0.62924
525,14,3,1,Bottom,Same,Incongruent,Upright,Aligned,5,9,1,1,0.49999
525,14,3,1,Bottom,Diff,Incongruent,Inverted,Aligned,9,7,0,1,0.88905
525,14,3,1,Bottom,Diff,Incongruent,Upright,Split,7,9,0,1,0.49349
525,14,3,2,Bottom,Same,Incongruent,Upright,Split,1,7,1,1,0.18331
525,14,3,1,Bottom,Same,Incongruent,Upright,Aligned,5,9,1,1,0.19485
525,14,3,2,Bottom,Same,Incongruent,Upright,Split,7,1,1,1,0.20209
525,14,3,2,Bottom,Diff,Incongruent,Upright,Aligned,7,9,0,1,0.40411
525,14,3,1,Bottom,Same,Incongruent,Upright,Split,1,7,1,1,0.26339
525,14,3,2,Bottom,Same,Incongruent,Upright,Split,7,1,1,1,0.18504
525,14,3,1,Bottom,Diff,Incongruent,Upright,Split,7,9,0,1,0.46685
525,14,3,1,Bottom,Diff,Incongruent,Inverted,Aligned,9,7,1,2,0.53927
525,14,3,2,Bottom,Same,Incongruent,Inverted,Split,7,1,1,1,0.65104
525,14,3,2,Bottom,Diff,Congruent,Inverted,Aligned,5,7,1,2,0.34455
525,14,3,1,Bottom,Same,Congruent,Inverted,Split,1,1,1,1,0.42357
525,14,3,1,Bottom,Same,Congruent,Inverted,Split,1,1,1,1,0.22199
525,14,3,2,Bottom,Same,Congruent,Upright,Aligned,5,5,1,1,0.27202
525,14,3,2,Bottom,Diff,Incongruent,Upright,Aligned,7,9,1,2,0.34554
525,14,3,1,Bottom,Same,Incongruent,Upright,Aligned,7,1,1,1,0.24097
525,14,3,2,Bottom,Same,Incongruent,Upright,Split,1,7,1,1,0.092194
525,15,15,1,Bottom,Diff,Congruent,Upright,Aligned,7,5,1,2,0.89141
525,15,15,2,Bottom,Diff,Congruent,Inverted,Split,1,9,1,2,0.59463
525,15,15,2,Bottom,Diff,Congruent,Inverted,Aligned,7,5,1,2,0.40364
525,15,15,1,Bottom,Diff,Congruent,Inverted,Split,7,5,1,2,0.49159
525,15,15,1,Bottom,Diff,Congruent,Upright,Split,5,7,0,1,0.50597
525,15,15,2,Bottom,Diff,Congruent,Upright,Aligned,7,5,1,2,0.56982
525,15,15,2,Bottom,Diff,Congruent,Upright,Aligned,7,5,1,2,0.31229
525,15,15,1,Bottom,Same,Incongruent,Inverted,Split,7,1,1,1,0.51275
525,15,15,2,Bottom,Same,Congruent,Upright,Aligned,9,9,1,1,0.26943
525,15,15,1,Bottom,Diff,Congruent,Inverted,Split,7,5,1,2,0.4139
525,15,15,1,Bottom,Diff,Incongruent,Upright,Split,9,7,1,2,0.63045
525,15,15,1,Bottom,Same,Congruent,Inverted,Aligned,9,9,1,1,0.68066
525,15,15,2,Bottom,Diff,Incongruent,Inverted,Aligned,1,5,1,2,0.43331
525,15,15,2,Bottom,Diff,Congruent,Inverted,Split,5,7,1,2,0.88402
525,15,15,2,Bottom,Diff,Congruent,Inverted,Aligned,7,5,1,2,0.41998
525,15,15,1,Bottom,Diff,Incongruent,Upright,Split,9,7,1,2,0.42608
525,15,15,1,Bottom,Same,Incongruent,Inverted,Split,7,1,1,1,0.37271
525,15,15,1,Bottom,Diff,Congruent,Inverted,Aligned,1,9,1,2,0.32494
525,15,15,1,Bottom,Same,Congruent,Inverted,Aligned,9,9,1,1,0.77484
525,15,15,1,Bottom,Diff,Incongruent,Upright,Aligned,5,1,1,2,0.30131
525,15,15,1,Bottom,Diff,Congruent,Upright,Split,5,7,1,2,0.54492
525,15,15,2,Bottom,Diff,Congruent,Inverted,Split,1,9,1,2,0.401
525,15,15,1,Bottom,Diff,Incongruent,Upright,Aligned,5,1,1,2,0.54
525,15,15,2,Bottom,Diff,Congruent,Inverted,Split,5,7,1,2,0.83641
525,15,15,2,Bottom,Same,Congruent,Upright,Split,7,7,1,1,0.31261
525,15,15,2,Bottom,Diff,Incongruent,Inverted,Aligned,1,5,1,2,0.44509
525,15,15,2,Bottom,Diff,Congruent,Upright,Split,1,9,1,2,0.37573
525,15,15,2,Bottom,Same,Congruent,Upright,Split,7,7,1,1,0.26876
525,15,15,2,Bottom,Diff,Congruent,Upright,Split,1,9,1,2,0.33795
525,15,15,1,Bottom,Diff,Congruent,Upright,Aligned,7,5,1,2,0.63543
525,15,15,1,Bottom,Diff,Congruent,Inverted,Aligned,1,9,1,2,0.47006
525,15,15,2,Bottom,Same,Congruent,Upright,Aligned,9,9,1,1,0.24419
525,16,1,1,Bottom,Same,Incongruent,Upright,Split,5,9,1,1,0.26746
525,16,1,1,Bottom,Same,Incongruent,Upright,Aligned,9,5,1,1,0.15128
525,16,1,2,Bottom,Same,Incongruent,Inverted,Split,9,5,1,1,0.42445
525,16,1,2,Bottom,Diff,Incongruent,Upright,Split,9,7,0,1,0.18994
525,16,1,1,Bottom,Same,Congruent,Inverted,Aligned,7,7,1,1,0.56827
525,16,1,2,Bottom,Same,Incongruent,Upright,Aligned,9,5,1,1,0.17021
525,16,1,1,Bottom,Same,Incongruent,Upright,Split,5,9,1,1,0.36841
525,16,1,1,Bottom,Diff,Congruent,Inverted,Aligned,9,1,1,2,0.58421
525,16,1,1,Bottom,Same,Incongruent,Upright,Split,9,5,1,1,0.11017
525,16,1,1,Bottom,Diff,Congruent,Inverted,Aligned,9,1,0,1,0.42544
525,16,1,2,Bottom,Diff,Incongruent,Inverted,Aligned,7,9,1,2,0.54197
525,16,1,2,Bottom,Same,Incongruent,Upright,Aligned,5,9,1,1,0.37554
525,16,1,2,Bottom,Diff,Incongruent,Inverted,Aligned,7,9,1,2,0.31838
525,16,1,2,Bottom,Diff,Congruent,Inverted,Split,7,5,1,2,0.39373
525,16,1,1,Bottom,Same,Incongruent,Upright,Split,9,5,1,1,0.50714
525,16,1,1,Bottom,Diff,Incongruent,Inverted,Split,7,9,1,2,0.64521
525,16,1,2,Bottom,Diff,Congruent,Upright,Split,5,7,1,2,0.51108
525,16,1,1,Bottom,Same,Incongruent,Inverted,Split,1,7,1,1,0.37632
525,16,1,2,Bottom,Same,Incongruent,Inverted,Aligned,5,9,1,1,1.0621
525,16,1,2,Bottom,Same,Incongruent,Inverted,Split,9,5,1,1,0.86491
525,16,1,2,Bottom,Same,Incongruent,Inverted,Aligned,5,9,1,1,0.52771
525,16,1,1,Bottom,Same,Incongruent,Upright,Aligned,9,5,1,1,0.34951
525,16,1,2,Bottom,Diff,Congruent,Inverted,Split,7,5,1,2,0.3076
525,16,1,1,Bottom,Diff,Incongruent,Inverted,Split,7,9,1,2,0.379
525,16,1,2,Bottom,Same,Incongruent,Upright,Aligned,9,5,1,1,0.38276
525,16,1,2,Bottom,Diff,Congruent,Upright,Split,5,7,1,2,0.40794
525,16,1,1,Bottom,Same,Incongruent,Upright,Aligned,1,7,1,1,0.25414
525,16,1,2,Bottom,Same,Incongruent,Upright,Aligned,5,9,1,1,0.40981
525,16,1,2,Bottom,Diff,Incongruent,Upright,Split,9,7,1,2,0.39681
525,16,1,1,Bottom,Same,Congruent,Inverted,Aligned,7,7,1,1,0.56772
525,16,1,1,Bottom,Same,Incongruent,Upright,Aligned,1,7,1,1,0.26641
525,16,1,1,Bottom,Same,Incongruent,Inverted,Split,1,7,1,1,0.46767
